name,city,income,credit_score,loan_amount,years_employed,points,loan_approved
Samantha Ward,East Jenniferchester,112149,383,7045,3,50.0,0
Christopher Perez,Durantown,103385,576,28069,14,50.0,0
Michael Henderson,Jamesstad,86333,324,20976,10,50.0,0
Linda Wood,Graymouth,111399,480,34336,37,50.0,0
Monica Wilson,West Victor,83955,312,49906,33,40.0,0
Ashley Munoz,Monicaburgh,136724,550,31291,4,45.0,0
Thomas Carter,South Sarahbury,139134,695,28693,25,80.0,1
Jonathan May,Katherineside,102255,482,27081,39,50.0,0
Cesar Wilson,Darylstad,74313,444,34477,24,35.0,0
Lynn King,Sarahport,95230,825,15931,20,90.0,1
Mallory Taylor,South Robert,138230,809,36307,34,90.0,1
Martin Vaughn,Kristyport,143254,607,34206,35,70.0,1
Vicki Horton,West Gregory,64099,625,44671,30,50.0,0
Amy Hawkins,Codytown,65018,841,1824,0,75.0,1
Alexander Freeman,East Ryanberg,80422,760,39694,8,70.0,1
Brian Moore,East Timothybury,49080,305,26382,11,25.0,0
Logan Nguyen,Lake Lisastad,138620,524,48872,17,50.0,0
Ms. Mackenzie Barton,South Alexis,142743,423,28435,16,55.0,0
John Holt,Turnerstad,71588,704,20834,5,60.0,1
Alexandra Valdez,Port Raymond,80968,532,48404,13,40.0,0
Matthew Roberts,Port Jimmyfurt,62850,636,12615,34,60.0,1
Debra Wolfe,North Michaelchester,112502,797,19335,5,85.0,1
Mark Haynes,New Michellemouth,105454,697,1515,25,85.0,1
Ashley Miranda,Andrewport,35075,514,22029,12,25.0,0
Sierra Gentry,Jenniferstad,79060,572,9643,6,45.0,0
Brandon Young,Josephshire,127880,791,5147,9,90.0,1
Nathan Evans,West Jeanetteport,140284,513,49068,39,50.0,0
Ryan Palmer,South Tylerburgh,131250,682,8420,21,85.0,1
Kelli Smith,Johnland,102692,708,45151,21,70.0,1
Patrick Wilson,Shawfort,33390,643,36063,23,40.0,0
Brett Walker,South Neil,78944,774,45535,37,75.0,1
Shawn Ware,Port Markmouth,114109,370,14654,0,40.0,0
Trevor Jones,South Eugene,39880,376,36851,5,20.0,0
Margaret Riley,North Stephenville,94332,409,10295,18,50.0,0
Donna Cabrera,Barbaramouth,77576,542,20776,9,40.0,0
Felicia Hobbs,Butlerville,34722,532,49999,38,25.0,0
Richard Roy,East Benjamin,60539,345,18387,35,40.0,0
Michael Flores,West Jeremymouth,115841,323,33297,37,50.0,0
Edwin David,Kellieborough,64522,800,21777,30,80.0,1
Robert Yates,New Nathanielshire,84165,747,3102,32,90.0,1
Karen Carlson,North Christina,112727,300,3044,39,60.0,1
Stephanie Freeman,Ryantown,64671,698,23028,25,65.0,1
Stephanie Dominguez,Hansonmouth,131361,821,28795,35,95.0,1
Brianna Hanson,West Melanie,86387,612,1774,2,60.0,1
Christopher Moses,Lake Robert,138765,475,7606,27,60.0,1
Jillian Garcia,Richardberg,110694,374,35264,11,50.0,0
James Burns,Christopherside,102132,696,13116,23,80.0,1
Brett Martin,Port Jonathan,50374,398,30481,21,35.0,0
Melissa Gordon,Taylorchester,77301,777,28558,26,80.0,1
Christopher Morris,West John,117026,520,44054,23,50.0,0
Stephanie Young,New Jennifer,113746,368,7652,17,60.0,1
Tiffany Alexander,Katieview,130197,565,33435,8,45.0,0
Ariel Lara,Shaunstad,126810,563,44477,31,50.0,0
Michelle Shah,New Patriciachester,92031,745,21826,20,85.0,1
Paul Myers,Briantown,53600,415,35377,17,35.0,0
Walter Rush,Davisborough,58785,321,4314,21,50.0,0
Mr. Christopher Evans,West Elizabeth,52782,801,42289,25,75.0,1
Hannah Carter,Basston,50006,626,29515,32,50.0,0
Anthony Nichols,North Julian,140900,428,47871,28,50.0,0
Luke Miller,Parkerbury,120111,590,30042,40,65.0,1
Brad Allen,East Aaronmouth,59871,781,20087,2,65.0,1
Melinda Hill,East Seanfurt,111560,552,35462,21,50.0,0
Gary Johnson,South Susan,104177,572,8785,26,60.0,1
Christopher Kline,West Anthonyton,82565,466,38503,13,40.0,0
Bianca Ward,Juliashire,74725,841,40630,23,75.0,1
Natasha Davenport,Grantmouth,112345,696,22116,23,80.0,1
Ricky Larson,Scottmouth,40458,611,46857,25,40.0,0
Daryl Walker,Allentown,54920,740,4130,4,75.0,1
Valerie Thomas,Christopherbury,85519,832,28070,23,85.0,1
Holly Wood,Lake Joseph,59256,373,40920,40,35.0,0
Jeffrey Braun,Bellbury,42240,553,16376,19,30.0,0
Christine Aguilar,West Jacquelineshire,93956,676,34367,10,70.0,1
Daniel Reynolds,Mooreshire,46728,617,39501,12,40.0,0
Alyssa Reynolds,New Lauramouth,121163,556,17197,6,50.0,0
Kyle Medina,West Jasonstad,61285,516,28043,32,35.0,0
Benjamin Phillips,Port Williamview,31025,850,38676,16,65.0,1
Dustin Foley,Danielville,129991,704,14246,5,75.0,1
Chad Reyes,South Cynthia,32757,477,37366,10,25.0,0
Patricia Walton,Williamfort,40735,677,46642,3,40.0,0
Kevin White,Anthonyshire,125631,765,25710,1,75.0,1
Lindsay Vasquez,West William,102102,826,19596,19,95.0,1
Dalton Walsh,Jessicaville,129901,489,33980,39,50.0,0
Samuel Rhodes,New Prestonfort,118777,625,40529,38,65.0,1
Alyssa Davis,Lake Joshuaburgh,68684,460,16349,2,35.0,0
Jason Maldonado,Barbaraborough,47224,804,36885,15,65.0,1
Austin Wiggins,New Diamondburgh,69210,595,36909,30,50.0,0
Phyllis Johnson,Peterbury,144142,430,32415,39,55.0,0
Raven Hill,West Melanie,82098,360,32047,15,45.0,0
Shane Mcintyre,New Nicholashaven,121521,473,11365,6,55.0,0
Tina Scott,Crystalmouth,138794,839,11197,37,100.0,1
Danielle Smith,Johnsonside,86498,654,42677,0,40.0,0
Joshua Campbell,Williehaven,106503,756,32903,2,75.0,1
Nicholas Green,Laurenborough,61979,386,28164,23,35.0,0
Sean Cisneros,Nelsonburgh,74608,385,10288,4,35.0,0
Billy Harris,Mariachester,133643,373,43066,27,50.0,0
Sara Sullivan,Alexandrachester,69599,470,33974,31,35.0,0
Richard Diaz,Herrington,108172,457,45503,28,45.0,0
Michelle Scott,Grahammouth,60005,588,3611,7,60.0,1
Lee Lee,Port Shari,79695,584,13826,1,50.0,0
Darryl Craig,Port Emilyview,60512,341,12481,30,45.0,0
Alan Davis DVM,East Joshuachester,44408,667,37024,20,40.0,0
Stanley Benson,Collinsberg,66046,623,41191,4,40.0,0
Raymond Tucker,East Debbieland,69321,587,10175,34,60.0,1
Debra White,Murrayfurt,43022,500,10198,22,35.0,0
Destiny Strickland,Simsview,77052,750,6077,18,90.0,1
Elizabeth Jones,Brandymouth,136352,786,23191,11,90.0,1
John Alvarez,South Frances,144955,699,32102,16,80.0,1
Angel Richards,South Dustinmouth,55825,482,26384,23,35.0,0
Jeremy Adams,Kevinshire,109818,311,18141,23,55.0,0
David Johnson,Rosebury,79735,364,42641,29,40.0,0
Alexa Barber,Lake Kristenberg,109415,685,28991,10,75.0,1
Joann Barnes,New John,88028,717,45178,37,65.0,1
Melinda Russell,Daniellestad,81990,641,18907,9,60.0,1
Catherine Carter MD,Donnaport,133819,756,40493,27,85.0,1
Judith Smith,Port Marcus,142779,707,46013,13,75.0,1
Samantha Williams,North Denise,84040,337,10527,2,40.0,0
Shannon Clark,Cortezmouth,60771,700,40440,10,60.0,1
David Brown,New Angelashire,33905,525,1471,4,30.0,0
Richard Love,Port Robertshire,54356,426,30524,29,35.0,0
Brenda Harvey,New Ashleychester,53788,323,22300,39,35.0,0
Hannah Bruce,Port Emily,38392,604,41270,37,40.0,0
Jordan Curry,New Tracey,68452,335,22159,19,40.0,0
Michelle Walls,East Jason,142960,597,45997,22,65.0,1
Dr. Allison Flores,North Debra,94923,613,18243,28,65.0,1
Hannah Oconnor,Laratown,109129,464,21907,8,50.0,0
Adam Howe,Robertfort,98146,429,14510,9,45.0,0
Derek Mahoney,East Mikeburgh,84987,748,36600,19,75.0,1
Sandra Frederick,New Christian,145296,778,21412,10,90.0,1
Eric Cox,Prestonhaven,109516,650,12285,19,70.0,1
Amanda Johnson,West Melissa,70888,520,9795,38,45.0,0
Curtis Maynard,Justinton,43947,391,43749,36,25.0,0
Kristen Adams,Smallville,146918,806,41809,22,90.0,1
Justin Torres,South Micheal,116374,805,13807,34,95.0,1
Ashley Cole,West Jasonside,70404,516,14356,34,45.0,0
Jennifer Tucker,East Gracefurt,133931,621,42520,28,65.0,1
Mary Spence,West Shane,46683,466,35972,19,25.0,0
Ricardo Jones,Shaunville,33794,732,24430,25,50.0,0
Steven Castaneda,South Ronaldfurt,92746,372,38299,5,35.0,0
Douglas Taylor,Lake Nicole,125448,838,17328,40,95.0,1
James Middleton,Mooreberg,143292,437,1760,4,50.0,0
Nancy Williams,West Cassidy,48726,813,10886,3,65.0,1
Amy Davis,Port Michael,94722,705,11835,29,75.0,1
Daniel Lee,Donnaport,135909,543,7285,3,50.0,0
Taylor Coleman,Lake Edward,67930,572,10321,4,35.0,0
Toni Fitzgerald,West Zacharymouth,130072,395,16392,19,55.0,0
Bailey Hall,Jenniferfort,100468,790,32393,13,85.0,1
Michael Weber,Lake Samuel,127912,720,24874,15,80.0,1
Rachel Taylor,Gonzalezport,94799,621,38736,5,50.0,0
Jeffrey Mcclure,Sheilaview,43006,408,16183,17,30.0,0
Stacy Mcguire,Port Alexisbury,82521,358,6020,3,45.0,0
Sharon Guerrero,Christinaburgh,67752,729,12299,11,70.0,1
Matthew Douglas,West Shawnaborough,39710,806,47219,22,65.0,1
Philip Cummings,New Sarah,85615,551,1573,20,55.0,0
Brian Ward,Jacobview,45129,542,18655,30,25.0,0
Shannon Maxwell,North Rhondaborough,44201,327,2926,37,40.0,0
Brian Fitzgerald,Holmesside,80432,420,18155,16,50.0,0
Randy Adams,Port Tammyville,98386,646,47363,5,50.0,0
Daryl Lowe,Amyburgh,118188,600,13561,1,55.0,0
Maria Green,Blackburnberg,32540,560,17214,38,25.0,0
Eric Davis,Valdezchester,126276,454,19675,19,55.0,0
Patrick Cruz,Johnsonview,148123,510,45126,31,50.0,0
Claudia Rodriguez,Nguyenburgh,66265,582,39318,7,45.0,0
Kevin Drake,Robintown,62591,660,38201,36,50.0,0
Erin Ryan,Baileyland,37104,377,38047,5,20.0,0
Miguel Lee,Lynchbury,109354,632,48132,34,60.0,1
Jennifer Smith,North Jeremy,110728,694,10658,22,85.0,1
Christy Thomas,Port Darylburgh,124481,535,12516,0,40.0,0
Robert Huang,East Marcus,89871,414,13438,37,50.0,0
Sean Huang,Bowerschester,62527,357,35149,19,35.0,0
Kara Jackson,East Christopher,101376,450,10393,10,55.0,0
Colton Figueroa,Rochaborough,61571,706,16684,35,65.0,1
Edgar Stewart,Johnsonshire,129125,470,41911,22,50.0,0
James Carson,Port Heatherfort,145557,620,43775,25,65.0,1
Mary Herman,Traceyfurt,100592,533,25365,25,50.0,0
Nicole Phillips,Port Rachaelbury,47342,806,26289,7,60.0,1
Sean Dalton,Greerstad,105880,501,48507,12,45.0,0
Aaron Gonzalez,New Richard,36868,750,17660,27,60.0,1
Alex Clements,Jenniferland,32719,743,8630,12,65.0,1
Justin Bishop,South Michael,117684,518,42161,9,45.0,0
Kristina Aguilar,Craigside,82923,592,28681,0,45.0,0
Dr. Jeffrey Lopez,East Anthonyshire,80488,544,33062,24,40.0,0
Shane Buchanan,Rodriguezberg,42224,451,38132,37,25.0,0
Christopher Reed,Michaelport,147823,541,33850,17,55.0,0
Kimberly Rogers DDS,Katherinefurt,130518,373,35592,18,50.0,0
Jill Miller,Elizabethland,108104,597,20657,10,70.0,1
Kimberly Figueroa,Port Brianshire,94942,835,17251,15,90.0,1
William Bradley,Amybury,59831,477,44424,4,25.0,0
Yvonne Howard,Michaelburgh,101810,478,33995,2,40.0,0
Dana Holmes,Reginaldton,54164,413,39192,30,35.0,0
Angela Kent,Martinchester,100702,558,46340,19,45.0,0
Dale Williams,Phillipshaven,59451,731,32230,29,60.0,1
Adriana Ward,Port Willie,141153,656,27358,10,70.0,1
Brian Stark,Ellenmouth,116900,796,31235,4,75.0,1
Steven Gordon,North Brenda,109997,691,32257,37,75.0,1
Scott Duke,East Sydneychester,112719,360,19174,8,50.0,0
Cory Thomas,East Tylerland,32671,608,45109,35,40.0,0
Mary Charles,Port Willie,39508,756,11434,11,65.0,1
Natalie Adams,West Jeffery,120266,567,3060,7,55.0,0
Robert Hernandez,Stephenshire,68290,698,1722,37,75.0,1
Jennifer Deleon,East Jamesborough,93092,359,17350,2,40.0,0
Jenny Avila,Christinachester,89829,736,7091,2,70.0,1
Matthew Parker,Nuneztown,94038,724,3141,0,65.0,1
Victoria Evans,Vaughnmouth,109840,609,14055,24,70.0,1
Annette Miles,South Shannon,137715,533,28119,21,55.0,0
James Schaefer,Robertton,92163,770,12251,13,85.0,1
Mallory Barajas,Dennischester,65992,466,10459,32,45.0,0
Gabriela Smith,East Heather,90637,658,17820,6,60.0,1
Tiffany Davis,Lisaville,147821,397,17134,26,55.0,0
Danielle Murphy,New Sophia,73279,305,28379,2,30.0,0
Taylor Stein,Hallton,124276,840,2246,27,100.0,1
Alexis Jordan,Deborahfort,118835,321,7518,8,55.0,0
Timothy Pope,Keithshire,95612,688,26856,22,70.0,1
Alex Trujillo,North Steve,142199,532,27360,8,50.0,0
Frederick Solis,Collierstad,115909,390,29620,6,45.0,0
Shawna Gillespie,Espinozaville,58183,311,36896,5,30.0,0
Victoria Werner,Bellborough,98021,728,40272,17,65.0,1
Christopher Soto,Port Brandi,47781,753,43078,26,60.0,1
Melinda French,Wilsonstad,51805,704,35283,25,60.0,1
Kelly Anderson,Briannashire,128669,656,39305,39,65.0,1
Christopher Johnson,Port Davidstad,95338,370,22460,20,50.0,0
Mark Murphy,North Victoria,94139,674,1972,21,80.0,1
Keith Melendez,East Marisa,69446,596,37298,31,50.0,0
Chase Matthews,Melissaview,42739,341,2930,10,40.0,0
Cheryl Gray,Louischester,126289,550,4027,39,60.0,1
Kristine Turner,Haleberg,84377,586,29309,13,60.0,1
Justin Baker,Hurstfurt,118696,670,15373,8,75.0,1
Dustin Lopez,Port Derrickhaven,70492,402,24758,7,35.0,0
Jordan Jones,Nancyton,114896,690,17741,7,75.0,1
Matthew Foster,South Brittany,45860,698,1291,13,65.0,1
Edward Gallegos,Williamstown,110301,405,42314,27,50.0,0
John Mckenzie MD,South Keith,87963,845,22892,29,85.0,1
Krystal Barton,Dunnville,107128,416,18556,34,55.0,0
Shari Ray,Lake Suzanne,49313,778,18559,40,65.0,1
Lauren Carr DDS,Port Kelly,82227,678,36971,3,55.0,0
Nancy Wolf,Smithfurt,128567,737,6454,19,85.0,1
Joe Greene,Lake Dennistown,73369,787,1280,0,70.0,1
Meagan Jenkins,Parrishton,71347,594,40348,19,50.0,0
John Roberts,New Trevorview,102529,700,26285,6,70.0,1
Shannon Tran,Walkerbury,54957,726,48204,20,60.0,1
Karen Nichols,Lake Samuel,108139,698,1650,35,85.0,1
Seth Butler,Arielmouth,60735,686,32144,38,60.0,1
Joseph Tapia,West Shannon,62411,786,34745,26,70.0,1
Shannon Gonzales,New Grant,58305,371,11622,3,35.0,0
Olivia Becker,Jamesport,38161,526,16352,31,25.0,0
Benjamin Neal,Jamesfurt,103975,499,26996,2,40.0,0
Oscar Smith,North Andrew,72753,537,35053,21,35.0,0
Parker Jefferson,East Robertburgh,144100,337,27017,31,55.0,0
Lauren Brown MD,North Jennifer,90852,763,17727,37,85.0,1
Angela Wagner,Smithside,60340,455,7262,37,45.0,0
Ruth Solis,Port John,147679,792,25327,35,90.0,1
Joshua Hall Jr.,Rosebury,125817,389,16413,23,55.0,0
Calvin Nguyen,South Lisa,137387,320,26807,35,55.0,0
Jacob Ritter,Kellytown,123525,446,10315,37,60.0,1
John Vaughn,Lake Jessica,114080,586,31470,33,65.0,1
Emily Reed,Port Christopher,64600,615,24971,26,55.0,0
Jessica Jackson,Blakebury,139070,835,7753,5,95.0,1
Roberto Glover,Blairside,133636,340,41961,30,50.0,0
Christine Gilbert,Gutierrezmouth,117806,658,37727,40,65.0,1
Mr. Jonathan Parker Jr.,Wagnerbury,64973,520,39230,22,35.0,0
Lauren Walsh,East Mark,69608,405,20294,1,25.0,0
Sonya Smith,Davidsonton,81049,630,29347,26,60.0,1
James Rivers,Maryfort,71104,731,43522,10,60.0,1
Kimberly Gibson,Mollybury,78520,692,16306,26,75.0,1
Courtney Smith,Pettybury,123718,687,7881,7,80.0,1
Sabrina Galvan,South Patricia,133860,803,45024,36,90.0,1
Lisa Goodwin,Youngbury,106622,616,31737,12,65.0,1
Marcia Wu,Lake Emily,37455,649,24812,3,30.0,0
Christina Chavez,East Stephaniemouth,127404,666,47852,10,65.0,1
Susan Hood,South Dennisfort,62018,538,6493,18,45.0,0
Paul Cox,Timothyfurt,133150,458,38435,2,40.0,0
Jessica Frost,East Craigfurt,30221,461,2024,31,40.0,0
Gregory Chavez,Port Teresaburgh,31792,707,34482,12,50.0,0
Russell Martin,Port Jessica,133369,395,2496,9,55.0,0
Curtis Krause,Heidiview,87560,394,33105,22,45.0,0
Jessica Smith,New Adamland,56772,346,46933,4,25.0,0
Brittany Nunez,Maddoxshire,78393,816,6903,14,95.0,1
Jacqueline Hines,New Michael,38326,621,43569,17,40.0,0
Seth Fisher,Nathanshire,89638,601,31393,7,55.0,0
Laura Herrera,New Danielmouth,83264,343,17103,33,50.0,0
Adam Colon,Ramirezborough,75236,799,17608,38,85.0,1
Laura Pearson,Port Heatherchester,127973,409,23371,13,55.0,0
Joseph Smith,Markstad,138348,559,33951,0,40.0,0
Laurie Stephenson,Hamiltonhaven,77049,337,44667,35,40.0,0
Rhonda Haynes,East Victoria,86148,452,16032,7,45.0,0
Patricia Carrillo,Paulahaven,147598,406,47294,3,40.0,0
Joshua Vincent MD,Wagnerberg,88287,432,21979,33,50.0,0
Tracy Sims,Sanchezville,128032,546,26994,31,55.0,0
Lawrence Atkinson,South Jefferyville,91669,596,12706,10,65.0,1
Matthew Smith,West Loriville,63386,767,41057,10,70.0,1
Mark Schmidt,Port Michael,81856,451,16484,6,45.0,0
Shelby Murray,Kristiville,43154,424,4680,8,30.0,0
Miss Linda Cox DVM,Copelandchester,50181,731,4712,40,75.0,1
Ryan Cain,North Stevenborough,84496,755,1613,14,90.0,1
Courtney Peterson,Amystad,40500,408,4000,10,40.0,0
Kimberly Smith,Huntfort,82386,639,28591,22,60.0,1
Steven Davis,North Tanyamouth,93532,725,36174,28,70.0,1
Valerie Rhodes,South Alison,47477,837,6503,18,75.0,1
Traci Harmon,West Natasha,87424,412,11641,1,35.0,0
Thomas Duran,North Lisa,90332,779,7374,29,90.0,1
Oscar Norris,Martinberg,39305,511,14562,3,20.0,0
Matthew Reeves,Taylorview,33552,465,12179,1,15.0,0
Amy Snyder,Collinsmouth,39329,454,3392,20,40.0,0
Matthew Richards,Port Jenniferview,98955,303,21646,15,50.0,0
Frank Garcia,West Robert,43238,807,19888,25,65.0,1
Matthew Ross,Michelleview,50926,659,43040,32,50.0,0
Tara Jones,Andrewhaven,117881,846,18222,4,85.0,1
Devon Ramos,Blackville,119928,531,22394,39,55.0,0
Donald Perez,Bruceside,65093,326,40911,17,35.0,0
Nicholas Parker,Davisstad,55995,588,37145,17,50.0,0
Barbara Pope,Keithtown,98765,810,45926,9,75.0,1
Lindsay Robinson,East Teresa,102848,314,25265,23,55.0,0
Pamela Powell,Lake Stephenburgh,46505,658,32462,29,40.0,0
Keith Kennedy,West Andrewfurt,106720,823,13650,10,95.0,1
Michael Nelson,Lake Richard,91993,502,10875,26,50.0,0
Cynthia Martinez,South Danielle,96784,768,5116,7,85.0,1
Mrs. Pamela Rodriguez,Port Toddchester,72237,343,13868,6,40.0,0
Bradley Johnson DDS,Antoniobury,60161,850,19918,10,80.0,1
Andrew Harris,Lake Ryan,49555,353,44280,19,25.0,0
Amanda White,Michelleshire,62007,805,15990,28,80.0,1
James Wilson,North Andre,52838,745,12909,22,80.0,1
Jose Woods,Jonesmouth,61091,498,21338,32,40.0,0
Natalie Cox,South Conniemouth,120921,819,5403,17,100.0,1
Cheryl Atkins,Keithfort,30726,691,9532,27,55.0,0
Michael Anderson,Lake Jasonfort,87654,333,49922,10,40.0,0
Kyle Smith,Smithborough,54931,433,23331,11,35.0,0
Carlos Vincent,Jonathanfurt,49442,690,9572,40,60.0,1
Tiffany Wilson,Maryberg,117416,330,21885,26,55.0,0
Rodney Horn,Wrightchester,33534,768,26209,11,60.0,1
Paul Sweeney,New Lukehaven,90952,426,18920,36,50.0,0
Caitlyn Martinez,Alejandrabury,89245,750,34216,23,80.0,1
Erica Rose,Shermanborough,106931,589,21992,8,65.0,1
Brandon Rich,Thomashaven,104177,549,10012,7,55.0,0
Roberto Johnson,Whitefurt,72247,829,7975,29,85.0,1
Tyler Lozano,Port Heathermouth,116870,326,9921,0,45.0,0
Michael Watkins,Brandonfurt,144867,356,1503,13,60.0,1
Nicholas Sims,North Melissatown,89929,714,39668,13,65.0,1
Jessica Petersen,Jessicaland,83269,492,29948,13,45.0,0
Melinda Garcia,Mccannchester,66458,493,42708,1,20.0,0
John Russell,Tamiborough,125561,762,21205,29,90.0,1
Daniel Petersen,North Tracytown,67093,740,24085,0,60.0,1
Barbara Chandler,Port Curtis,79941,396,47616,38,40.0,0
Kyle Blake,Port Howard,84387,806,48753,7,75.0,1
Rebecca Richard,West Hannah,138864,388,44716,30,50.0,0
Brooke Harmon,East Catherineside,42196,323,34947,32,25.0,0
Dr. Kathryn Hill,Meyerbury,138864,612,42656,5,60.0,1
Luke Dixon,Reyesside,104000,546,48812,6,40.0,0
Carl Powers,New Mark,79925,559,24725,17,45.0,0
Victoria Padilla,Keithland,36629,838,15315,11,65.0,1
John Murphy,Fowlerport,124919,395,12234,6,55.0,0
Gary Greer,East Michaelview,92781,609,33479,9,55.0,0
Anthony Snyder,West Robertville,102544,763,12215,38,90.0,1
April Sandoval,Daltonhaven,76438,543,28513,31,45.0,0
Shawn Tapia,North Ryan,50585,802,37551,39,75.0,1
Audrey Salazar,West Elizabethburgh,61850,422,1830,8,45.0,0
Andrew Chavez,New Michaelstad,42735,646,28232,0,25.0,0
Kathryn Mills,Grimesfort,51079,473,35421,30,35.0,0
Jerry Jackson,Ramirezview,91385,519,49065,1,25.0,0
Katie Smith,Williamsfurt,129061,682,17623,1,65.0,1
Julie King,Lake Jenniferside,146939,573,43006,21,50.0,0
Alex Whitaker,West Charlesville,114323,554,24445,38,55.0,0
Virginia Daniels,Benjaminborough,50033,592,24394,3,40.0,0
Kristopher Shannon,New Danielle,44208,422,6661,38,35.0,0
Amy Taylor,South Jessica,72245,734,25358,3,55.0,0
Jeffrey Roberson,Cassiefurt,51643,634,2941,40,65.0,1
John Ramos,Gonzalezside,136635,520,40209,31,50.0,0
Isaac Kelly,South Matthewland,71505,804,27251,34,80.0,1
Jonathan Payne,Port Joshuabury,87125,400,8771,4,40.0,0
Dr. Lisa Huffman,South Kaylee,120027,513,19115,3,45.0,0
Daniel Thomas,Hickmanport,92296,466,37959,15,40.0,0
Charles Fields,Contrerasberg,65614,633,6853,39,60.0,1
Kathleen Arnold,North Brianna,139168,366,9351,16,60.0,1
Christopher Klein,Mcclurefurt,89459,721,45000,8,60.0,1
James Padilla,Charleston,71245,746,2228,29,85.0,1
Sarah Phillips,West John,101582,586,9287,32,75.0,1
Gabriel Murphy,East Jessicastad,66160,519,28491,30,35.0,0
Robert Davis,Carrollborough,49536,379,48420,20,25.0,0
Carla Benton,Garyberg,132841,575,49033,7,45.0,0
Christopher Vazquez,Marshallmouth,48894,632,27426,29,40.0,0
Cynthia Palmer,Davidfort,84935,653,25640,7,55.0,0
Matthew Barry,Williamsstad,121411,442,31664,29,50.0,0
Lisa Branch MD,South Brady,46704,539,14086,23,30.0,0
Shannon Johnston,Mckinneychester,57869,596,8548,25,60.0,1
Crystal Graves,New Timothyshire,48449,438,4462,33,40.0,0
Eugene Grant DDS,Lindamouth,73719,497,2399,24,50.0,0
Lisa Perry,Toddborough,79009,553,45586,38,40.0,0
Robert Walker,Lake Jeremy,115813,428,14752,8,50.0,0
Sandy Adkins,Campbellview,85724,570,34880,20,40.0,0
Eric Duran,Heatherview,149732,504,42212,25,50.0,0
Patrick Spencer,Stokestown,61830,734,45370,32,60.0,1
Carolyn Howard,Friedmanview,128038,395,25420,21,55.0,0
Sharon Ayala,Markside,42704,767,1522,23,75.0,1
Richard Rodriguez,Port Carla,118452,313,17016,24,55.0,0
Sherry Gibson,Murphytown,38834,395,48902,29,25.0,0
Cheyenne Obrien,Kristenchester,67762,824,49724,1,60.0,1
Jason Haynes,North Randymouth,38609,655,16001,3,30.0,0
Carmen Smith,Bakermouth,103563,592,28722,35,65.0,1
Christina Cobb,New Diana,38992,490,2918,20,40.0,0
Maria Johnson,Trevorland,139278,670,39080,30,75.0,1
Nicole Sanchez,New Shaneburgh,121382,836,15750,11,95.0,1
Ashley Allen,West Shannonberg,100381,399,4316,18,60.0,1
Daniel Rivera,Kellyhaven,84948,786,37787,0,60.0,1
William Jensen,New Jesse,76357,326,24544,5,40.0,0
Jacqueline Sullivan,Bentleystad,63065,693,33083,19,60.0,1
Debra Schultz,Lake Nathan,149016,823,40645,10,90.0,1
James Thomas,South Linda,127310,480,28624,31,55.0,0
Jacqueline Gallegos,Javierport,121917,479,8355,23,60.0,1
Erin Norris,Bradleytown,95771,792,13675,11,85.0,1
Brenda Saunders,Derekside,68829,504,20730,19,40.0,0
Kara Sanders MD,Comptontown,45292,752,12397,13,65.0,1
Sharon Mann,Annville,71904,387,13610,39,45.0,0
Gabrielle Davis,West Melanieview,127196,344,48823,29,50.0,0
Sean Wyatt,Jessicaborough,64816,495,26064,23,35.0,0
Caitlin Williams,New Anthony,59581,516,21519,32,40.0,0
David Robertson,Jasonburgh,39602,461,24738,38,25.0,0
Amy Villarreal,West Eric,135840,405,38611,7,45.0,0
Darren Roberts,Port Jesseville,62098,689,19217,29,65.0,1
Amy Wilson,Erikhaven,56071,618,46238,7,45.0,0
Rachel Chan,Jeremyview,72372,783,20897,23,75.0,1
Elizabeth Evans MD,Andrewview,120573,823,37459,36,90.0,1
Anthony Ford,Jenniferfurt,132056,560,1197,13,60.0,1
Tim Patton,Phambury,129458,573,11433,6,55.0,0
Joseph Wright,New Kara,103519,725,49896,6,65.0,1
Laurie Powers,South Jason,37592,640,20869,0,25.0,0
Jacqueline Pierce,Port Christopher,93993,755,35001,22,80.0,1
Nicole Barron,Walshville,122124,834,35576,15,90.0,1
Veronica Francis,Lindaview,127818,741,25263,23,90.0,1
Robert Parks MD,Baileyborough,73064,681,44735,32,60.0,1
Timothy Torres,Jasonfort,67450,302,9016,35,45.0,0
Michael Parsons,Lake Julie,102384,838,40382,9,85.0,1
Kristen Richard,East Steven,65976,456,7461,34,45.0,0
Tracey Page,West David,145042,508,37486,14,50.0,0
Joshua Parker,Levytown,147899,337,23235,3,45.0,0
Lisa Glenn,Port Danielfurt,103772,594,36046,29,65.0,1
Pamela Best,North Brendatown,145655,568,15138,2,45.0,0
Kathy Henderson,North Nathanmouth,96469,797,33863,33,80.0,1
Juan Harrison,Hannahbury,80604,416,44507,9,35.0,0
Tina Taylor,Smithton,38981,743,39346,30,60.0,1
Lori Benitez,Ramseyport,132548,737,40901,20,75.0,1
Taylor Kirby,Vanessaview,133952,560,17671,23,55.0,0
Michelle Copeland,New Caitlinmouth,59219,399,30177,11,35.0,0
Kristina Coffey,East Patty,100010,458,20719,40,55.0,0
Nicholas Richardson,Davisburgh,50052,770,13125,11,75.0,1
Katherine Nolan,Stokesmouth,100697,435,34636,26,50.0,0
Travis Nielsen,Geraldview,83005,702,7743,37,80.0,1
Megan Nelson,Clarkchester,137665,432,19007,17,55.0,0
Rodney Bishop,Melendezbury,86626,441,33764,12,45.0,0
Lindsay Martinez,West Amandastad,40328,370,34158,21,25.0,0
Tracy House,East Richard,33478,792,15008,25,60.0,1
Thomas Cunningham,Michellemouth,149871,454,29820,4,45.0,0
Pamela Moore,Marcusmouth,51178,413,7308,33,45.0,0
Sarah Mclaughlin,Benjaminfurt,136824,797,34643,37,85.0,1
Rachel Raymond,West Johnberg,69132,545,33162,12,35.0,0
Kathryn Snyder,New Billchester,142108,630,40564,16,65.0,1
Erin Williams,North Christinaborough,36428,474,26615,31,25.0,0
Lacey Jones,Port Nicholas,105341,750,48936,40,80.0,1
Stephanie Martin,North Carrietown,100804,688,8380,14,85.0,1
Kenneth Murphy,Novakton,83492,847,45686,17,80.0,1
Stephanie Costa,South Drewland,69251,613,16848,25,60.0,1
Colleen Brown,New Josephland,127370,844,7621,17,100.0,1
Christina Johnson,Lake Kelly,142193,383,32035,7,50.0,0
Derek Jarvis,Larsonfort,63289,747,26354,20,70.0,1
Melvin Carlson,Higginsborough,136568,802,47394,20,90.0,1
Anthony Rodriguez,Juanstad,39038,728,17185,20,50.0,0
Donald Silva,North Davidville,31658,342,39440,12,25.0,0
Lynn Alvarez,Willisstad,69857,686,44142,37,60.0,1
Micheal Nunez,Lake Linda,117835,431,10602,38,60.0,1
Ryan Fisher,Port Ericland,135412,457,28200,6,50.0,0
Amy Roth,South Brookebury,35817,364,14280,27,30.0,0
Jaclyn Griffin,Scottview,42833,531,18600,36,25.0,0
Julie Alexander,North Johnny,122349,789,8476,4,85.0,1
John Calhoun,North Susan,123850,382,13178,4,45.0,0
Tracy Garcia,Phammouth,84459,559,24500,22,45.0,0
Corey Skinner,Claytonville,113136,554,26218,28,55.0,0
Tina Herring,Alexismouth,77012,799,45571,18,75.0,1
George Orozco,East Edwardfurt,141082,456,47295,13,50.0,0
Dorothy Mclaughlin,West Toddberg,140580,817,6037,17,100.0,1
Mark Copeland,North Sarahburgh,142674,751,30918,0,75.0,1
Pamela White,New Karenside,57549,630,21723,19,55.0,0
Stephanie Fields,Port Dwayneberg,116511,763,35816,18,85.0,1
Nicholas Martin,Nelsonside,48289,524,45866,20,25.0,0
Clarence Long,South Nancyport,99616,621,39483,29,60.0,1
Joshua Adams,North Malloryville,65400,603,7721,32,60.0,1
Krista Davis,Port Lauraville,115649,312,5041,14,60.0,1
Elizabeth Clark,Stevenmouth,58221,518,34500,30,35.0,0
Tina Hull,Changmouth,78689,698,7246,29,80.0,1
Ashley James,Baileyport,113227,322,44137,25,50.0,0
Sarah Morris,East Brendaberg,100292,413,35491,23,50.0,0
Julia Andersen,Kathrynmouth,141536,443,9124,36,60.0,1
Megan Floyd,Heatherchester,139008,452,20653,24,55.0,0
Ashlee Townsend,New Tiffanyburgh,149619,716,43787,30,75.0,1
Christopher Robinson,Michaelchester,59015,821,37063,11,75.0,1
Ashley Anderson,Paulmouth,60217,825,14305,25,85.0,1
Tyler Wheeler,West Taramouth,36582,632,48942,36,40.0,0
Jose Thompson,Carterburgh,86450,340,20024,38,50.0,0
John Bullock,Kingland,37355,384,17081,40,25.0,0
Randy Welch,Laurenstad,60162,645,1179,6,60.0,1
Crystal Hernandez,Robinsonchester,36658,619,33662,23,40.0,0
Cameron Irwin,Port Andrewport,72487,774,45138,34,70.0,1
Seth Smith,Reyesmouth,64237,842,45752,2,65.0,1
Ashley Donovan,Lake Malik,115461,385,24246,38,55.0,0
Cody Bailey,Hillside,47146,464,5513,33,35.0,0
Natalie Hawkins,Reynoldschester,40589,351,22422,27,25.0,0
Andre Terrell,New Catherine,50866,491,40006,7,30.0,0
Whitney Gilbert,Lake Lauren,130238,683,38574,30,75.0,1
Amanda Martin,Millerland,117580,537,15132,9,50.0,0
Erica Garcia,Mistytown,121715,462,28617,30,55.0,0
Joel Williams,Murphymouth,35695,634,23118,24,40.0,0
Jimmy Garcia,Bennettchester,122662,395,15565,26,55.0,0
Cynthia Moore,New Rickybury,113320,416,31241,7,45.0,0
Russell Rojas,Nguyenshire,122901,440,22075,13,55.0,0
Eric Patrick,North Melindaville,97839,468,49528,15,40.0,0
Keith Obrien,North Theresastad,32260,795,41239,38,60.0,1
William Barry,South Sherriburgh,88082,744,11295,3,75.0,1
Denise Molina,Millermouth,85771,805,41129,3,70.0,1
Krystal Vaughn,North Joyhaven,122801,354,46978,13,50.0,0
Nina Bernard,Port Thomas,147050,319,8882,34,60.0,1
Nicole Perez,Reidshire,98937,603,40423,26,55.0,0
Sherri Diaz,Mariaview,62087,793,20342,21,75.0,1
William Herrera,North Natalieview,121506,482,39049,16,50.0,0
Ana Hill,Oscarhaven,60021,601,30734,32,50.0,0
Carolyn Fuller,Hernandezbury,30425,332,38523,7,20.0,0
Ryan Bryant,Contrerasside,79797,624,30004,39,60.0,1
Jessica Swanson,New Amy,39862,684,37060,16,50.0,0
Tracie Nelson,Marshallshire,68427,574,22122,15,40.0,0
Patrick Walsh,North Haileyfort,118395,400,29768,34,50.0,0
Michelle Crawford,East Edwardhaven,79808,467,47783,15,40.0,0
Allison Spencer,Tannerside,99352,432,41104,5,35.0,0
Daniel Taylor,Keithville,124098,307,33596,27,50.0,0
Andrew Hunt,Ronaldmouth,58760,742,27801,23,70.0,1
Paul Valdez,West Travischester,141193,617,45889,38,65.0,1
Donald Farmer,Michaelburgh,38675,446,38114,25,25.0,0
Wanda Torres,New Susanville,116673,512,41993,13,50.0,0
Cynthia Johnson,East Ryanstad,42463,765,42357,33,60.0,1
Kimberly Holloway,New Cassie,40527,602,49065,3,30.0,0
Sandra Miller,New Colton,86057,536,35842,24,40.0,0
Robert Ford,Bowersmouth,67512,760,9709,20,80.0,1
Anne Mccann,North David,109593,827,43604,21,90.0,1
Kathryn Herrera,Lake Douglas,94686,739,1102,39,80.0,1
Maria Henry,Lake Laura,125932,473,10172,34,60.0,1
Christopher King,New Lorraineview,64179,717,26430,28,60.0,1
Carl Gill,North Gregory,73515,366,11092,36,45.0,0
Michael Kidd,New Mary,38418,588,3980,10,50.0,0
Nathan Mack,Franciscofurt,69824,778,49865,15,70.0,1
Patrick Thornton,Hughesberg,76566,807,3426,8,90.0,1
Michael Cruz,Grayton,143441,330,34287,40,55.0,0
Jesse Martinez,Crawfordberg,116356,330,7527,3,50.0,0
Jason Armstrong,New Jamie,89048,412,41193,39,40.0,0
Michael Berger,West Lauraport,119593,667,25565,27,70.0,1
Rebecca Roberts,South Paulmouth,62271,355,1849,16,50.0,0
Corey Wilson,East Javier,77400,795,19120,37,85.0,1
Mark Mclean,North Anna,94569,736,7439,9,75.0,1
Ruben Roberts,Gravesburgh,104531,821,6491,9,95.0,1
Anna Hale,East Nicoleburgh,148872,580,42162,34,65.0,1
Kendra Willis,Kevinbury,133089,760,14167,17,90.0,1
Shawn Cook,East Johnfort,134708,584,14255,11,70.0,1
Shaun Peterson,South Williamfurt,67700,752,40751,13,70.0,1
Lauren Hampton,Tylerland,39545,543,40309,7,20.0,0
Rachel Moreno,New Maryside,51465,427,14596,7,35.0,0
Karen Shepard,Williamburgh,132769,485,20253,6,50.0,0
Shelby Sanchez,South Scottside,44662,522,4699,8,30.0,0
Gerald Miller,Caseyberg,137577,607,45392,25,65.0,1
Derrick Thomas,South Joshua,100686,606,32734,4,55.0,0
Mary Harris,North Michael,67268,717,38243,34,60.0,1
Jeremy Young,Corystad,103000,667,4968,25,75.0,1
Diana Harper,Port Chloe,106435,442,46110,18,45.0,0
Robert Jennings,Jimenezburgh,124297,344,4540,23,60.0,1
Thomas Weaver DDS,New Arthurland,93699,349,1418,26,55.0,0
Kevin Brown,North Ann,39150,358,23780,30,25.0,0
Ryan Thomas,Tylertown,120023,318,49124,3,35.0,0
Juan Reyes,Port Chad,77819,724,23274,32,70.0,1
Brian Tran,Juanborough,88878,651,14342,40,65.0,1
Mr. William Davis DDS,New Neil,30336,481,29881,11,25.0,0
Mary Diaz,Leeland,148349,350,3056,16,60.0,1
Jonathan Roberts,Catherineport,117782,748,25996,25,90.0,1
David Perkins,West Steven,69829,438,24421,10,40.0,0
Roy Fowler,Shannonshire,50253,849,12953,6,75.0,1
Paul Miller,Lake Stephanietown,144581,743,45931,14,85.0,1
Allison Hill,East Jill,113810,389,39698,27,50.0,0
Gene Gomez,Shannonchester,45194,702,28336,0,35.0,0
Robert Padilla,Smithstad,83271,529,34263,18,40.0,0
Nicholas Lucero,Jacobbury,114659,604,13702,34,70.0,1
Kenneth Bartlett,Johnstad,89049,536,30872,20,45.0,0
Michael Warner,Jonesbury,131327,570,41963,37,50.0,0
Amanda Hill,Sandersview,48643,580,41977,3,30.0,0
Stephanie Hall,West Jeremybury,117900,722,14104,24,80.0,1
Richard Stevens,Whiteton,149111,731,47006,40,75.0,1
Paul Smith,South Patrickville,126180,313,43236,2,40.0,0
Faith Henderson,Port Ethanview,121272,818,5349,22,100.0,1
Timothy Coleman,North Gregory,46540,601,12864,28,45.0,0
Dennis Garcia,Riverashire,45043,583,49317,39,40.0,0
Meghan Rowland,Florestown,72516,561,46916,30,35.0,0
Melinda Smith,New Brianfurt,61300,422,15714,40,40.0,0
Brian Rodriguez,New James,37665,569,35284,12,25.0,0
Christina Clark,West Steven,127853,760,15786,39,90.0,1
James Mitchell,Donaldmouth,67828,723,15808,12,70.0,1
Jack Garcia,Wayneside,115394,701,15752,25,80.0,1
Mr. David Little MD,Port Stevenport,39358,461,5840,28,35.0,0
Susan Cox,North Patrickmouth,124339,341,24958,23,55.0,0
Elizabeth Owens,Port Andrew,82757,767,39900,36,75.0,1
Jeffrey Hardin,Cranehaven,63972,670,2950,28,75.0,1
Rachael Pearson,East Jamestown,90217,456,16633,8,45.0,0
Jason Nguyen,Davidville,60311,353,14274,15,45.0,0
Jeremy Cobb,Ashleyton,73687,443,10700,33,45.0,0
Teresa Richardson,East Susan,50032,789,11039,29,80.0,1
Mark Hogan,West Williamport,114259,772,30616,2,75.0,1
Brad Russo,Savagehaven,66655,519,44885,16,35.0,0
Melissa Williams,Hannahton,60982,786,18601,23,75.0,1
Christopher Walters,Port Sarah,42217,455,36443,39,25.0,0
Amy Nelson,North Deborahchester,71359,498,20267,12,40.0,0
Rebecca Wood,Nicolestad,142125,699,25965,39,80.0,1
George Ortega,Lake Alyssa,83841,551,15218,12,50.0,0
Andre Jones,Lake Patriciaberg,111226,340,25216,17,55.0,0
Matthew Morris,Robertsonland,60595,407,28898,4,25.0,0
Emily Rios,Wilkersonmouth,43434,446,18359,8,20.0,0
Amanda Moore,East Julie,123872,602,42552,9,60.0,1
Jennifer Ramos,Port Jessica,52810,734,48749,26,60.0,1
James Tran,Lake Albertburgh,46483,384,33758,27,25.0,0
Grant Wood,New Brendaberg,76105,358,16557,32,50.0,0
Patrick Hardy,Lake Rachel,132908,391,15565,22,55.0,0
Paul Farmer,Marktown,134614,332,10118,9,55.0,0
Cassandra Martinez,Jacksontown,41003,579,11059,28,30.0,0
Jennifer Lane,Johnville,149226,730,17711,38,80.0,1
Brandi Camacho DVM,Gomezfurt,86207,547,47660,18,40.0,0
Leah Vincent,South Walter,128548,392,27003,23,55.0,0
Linda Savage,Hannahside,120096,800,36755,31,90.0,1
Christine Hubbard,Jameshaven,106619,563,39477,20,50.0,0
Phillip Holmes,North Brianville,31854,641,39950,6,35.0,0
Ashley Fields,West Christopherville,132397,583,5211,21,75.0,1
Grace White,Clarkstad,146616,673,27253,17,80.0,1
Anne Jones,Sparksborough,67196,600,44390,31,50.0,0
Steven Mccormick,Dawnberg,32799,306,9502,23,30.0,0
Savannah Ibarra,Jamestown,85069,845,41269,16,80.0,1
Brian Rollins,South Danielberg,92021,807,24674,18,85.0,1
Mitchell Smith,Lake Travis,102309,381,31674,40,50.0,0
Christopher Williams,Carriebury,94454,599,9501,38,65.0,1
Stephanie Parker,Jeremystad,121384,595,4101,9,70.0,1
Christina Underwood,Patriciashire,129148,456,13376,9,50.0,0
Jennifer Schmitt,Debbieberg,131259,767,18970,1,75.0,1
Manuel Baldwin,Longbury,100236,574,33451,13,50.0,0
Jeremy Garcia,Kevinfort,141355,506,35967,9,45.0,0
Matthew Armstrong,Johnsonview,141240,712,10427,39,85.0,1
Leslie Rogers,West Donaldchester,87154,472,46632,23,40.0,0
Patrick Castillo,Evansfort,124692,620,36777,12,65.0,1
Ashley Mendoza,East Shannon,144620,334,20327,1,40.0,0
Mrs. Stephanie Friedman,Batesbury,111439,549,14870,10,55.0,0
Kaitlin Gomez,North Jonfurt,146059,609,26866,23,70.0,1
William Morgan,Martinezchester,126463,811,19252,37,95.0,1
Valerie Martin,Hartfurt,43833,710,40794,17,50.0,0
Ann Holt,New Katie,46544,366,43204,21,25.0,0
Patrick Davis,Helenland,32011,568,48654,20,25.0,0
Jeremiah Bridges,Angelaberg,54727,625,4716,7,60.0,1
Christopher Brown,Cooperton,89890,740,6239,28,90.0,1
Thomas Young,Salazarstad,80196,765,32400,9,70.0,1
Willie Thomas,Brianhaven,79986,523,42331,33,40.0,0
Patricia Webb,Burkebury,50517,329,20066,17,40.0,0
Samuel Zavala,Charlesport,35167,607,27664,1,25.0,0
Derek Williams,Port Peterhaven,31824,427,37424,33,25.0,0
Raymond Hall,Petersonshire,37894,830,35419,37,65.0,1
Richard Williams,North Danielle,81116,535,31574,39,45.0,0
Phillip Obrien,Port Alexandra,36006,761,30014,19,60.0,1
Spencer Meyer,East Dale,65954,325,34148,28,35.0,0
Jeffrey Martin,South Maurice,96162,537,34268,14,45.0,0
Kristina Henry,Ginaside,149067,745,43735,22,85.0,1
Anita Serrano,Michaeltown,100575,541,13576,7,50.0,0
Brian Benton,Franklinberg,39807,540,34997,31,25.0,0
Pamela James,West Kennethfurt,109131,729,36272,34,75.0,1
Patrick Bonilla,Lake Alyssafurt,57653,729,30730,21,60.0,1
Natasha Allen,Lopeztown,124540,787,44377,33,85.0,1
Alan Barr,Reyesbury,79689,815,39500,0,65.0,1
Gail Mason,Dixonfort,116400,584,6457,22,75.0,1
Annette Holland,Loriville,142917,506,29777,26,55.0,0
Sara Abbott,Fordmouth,45525,309,31568,2,15.0,0
Steven Mccoy,Kristenport,102512,556,37840,36,50.0,0
Seth Johnson,Lake Stanley,109964,628,49834,13,60.0,1
Travis Copeland,Weaverburgh,55112,802,3487,5,85.0,1
Francisco Taylor,Lake Tylerport,81173,565,28431,25,45.0,0
Andrew Mooney,South Andres,116706,504,6959,3,50.0,0
Stacey Clark,Port Thomasland,134840,471,34332,24,50.0,0
Andrew Nielsen,New Brian,62406,832,20380,26,80.0,1
Phillip Davis,South Zachary,61186,313,34872,6,30.0,0
Sherry Schmidt,North Timothyberg,39016,301,45470,27,25.0,0
Frank Webb MD,Gayport,116499,356,35573,2,40.0,0
Yvette Lee,Port April,96616,709,42107,36,65.0,1
Janet Ryan,South Haleystad,134352,802,2790,24,100.0,1
Antonio Price,West Stephanieview,75309,482,29873,4,35.0,0
Evelyn Martinez,Samuelfurt,112240,750,26339,21,90.0,1
Philip Smith,Tarashire,55105,301,33001,15,35.0,0
Jennifer Oliver,East Michelle,30851,481,28020,1,10.0,0
Eric Davidson,Martinezport,101819,727,12755,31,80.0,1
Kimberly Gutierrez,New Michael,66434,810,41986,28,75.0,1
Erik Keller,North Christinaburgh,123375,359,46052,30,50.0,0
Chad Daugherty,West Judy,119974,515,9044,23,60.0,1
Brendan Griffin,North Territon,142293,686,21531,4,70.0,1
Lauren Moody,West Robert,75607,647,10302,15,65.0,1
Jay Buchanan,West Scottstad,76955,680,19680,27,70.0,1
Terri Mathews DDS,North Jefferyborough,66211,730,46642,34,60.0,1
Donald Sims,Archerhaven,107278,479,18387,22,55.0,0
Jennifer Harper,Wangshire,149195,684,44042,18,75.0,1
Meghan Jackson,North James,89469,688,45897,10,65.0,1
Michael Thompson,Lake Aprilmouth,64664,308,1774,13,50.0,0
Jill Anderson,Davidmouth,42899,351,12009,36,30.0,0
Gina Fleming,Leeborough,91524,785,33823,22,80.0,1
Megan Young,New Johnton,115181,383,28474,37,55.0,0
Christopher Pitts,East Dannyton,84548,488,45855,32,40.0,0
Tracy Copeland,Bautistaport,65003,534,46954,5,30.0,0
Larry Mathis,Lake Christopherstad,120476,762,42029,34,85.0,1
Karen Cook,Gonzalezborough,85255,304,1841,32,55.0,0
Robin Thompson,Pollardfort,142866,486,9837,4,50.0,0
Mr. Mario Stout III,Anthonytown,145454,639,2867,30,75.0,1
Richard Gonzalez,Flemingtown,44953,793,4417,24,75.0,1
Stacy Patton,New Kelseyview,30350,625,27950,25,40.0,0
Richard Frost,Harrisshire,63466,361,1645,7,45.0,0
Eddie Warren,Brownhaven,140166,311,12260,20,60.0,1
Tracy Hart,Port Matthew,117538,769,45668,29,85.0,1
Kim Tanner,Jessicaland,36826,411,42692,36,25.0,0
Kurt Daniels,Mitchellchester,55042,590,47012,39,50.0,0
Corey Pierce,Patriciaside,85057,655,24986,28,60.0,1
Alexandria Jimenez,Stephenstown,53206,805,16589,13,80.0,1
Rachel Pittman,West Joseph,70687,604,38586,25,50.0,0
Sabrina Olson,Mathewport,109457,710,4617,40,85.0,1
Matthew Mendez,East Jamieville,32552,334,30257,38,25.0,0
Amanda Murphy,South Justinport,134036,754,15802,35,90.0,1
Teresa Bowers,Matthewmouth,85936,420,31183,31,45.0,0
Christopher Anderson,Audreyview,62780,773,17108,29,75.0,1
Jeanne Butler,Kyleton,129641,832,46995,21,90.0,1
Craig Raymond,Powellfurt,106011,384,33143,1,35.0,0
Maria Myers,East Mary,44871,372,15831,17,30.0,0
Jody Carter,Ramirezburgh,107014,534,27834,19,50.0,0
Luis Mosley,Joelchester,72906,549,41616,5,30.0,0
Phillip Pineda,Sandraview,136318,521,2792,21,60.0,1
Alexandra Wall,Spencerview,41359,813,21056,14,65.0,1
Connor King,Lake Colton,100010,340,21246,28,55.0,0
Dan Phillips,Lake Dawnchester,73065,380,25158,29,40.0,0
Anita Reyes,South John,57535,456,28948,19,35.0,0
Bethany Daniels,Brianfurt,69618,428,27407,0,25.0,0
Lisa Reynolds,East Donaldbury,37146,474,34522,34,25.0,0
Breanna Pena,West Sharonport,100545,767,16738,23,90.0,1
Leah Ortiz,North Paulshire,139433,466,13728,27,60.0,1
John Hart,Ochoaport,115256,639,32385,9,60.0,1
Christine Davis,South Rachelfort,83523,550,18039,21,50.0,0
Dr. Donna Mccarty,East Kevinside,38285,305,35590,28,25.0,0
Robert Thomas,Johntown,108561,794,29767,26,85.0,1
Michael Christian,Christinachester,128759,636,11635,6,70.0,1
Dr. Jonathan Clark,Erinhaven,109569,580,35791,25,65.0,1
Brandon Petty,West Douglas,48136,561,6873,9,30.0,0
Jennifer Mills,North Douglasfurt,134336,404,49590,10,50.0,0
Isaac Fields,Brandonport,67606,842,42873,4,65.0,1
Matthew Garcia,East Louismouth,47154,636,41392,19,40.0,0
Derrick Anderson,South Shane,109507,824,27741,6,85.0,1
Kelly Campbell,Port Jamesbury,105674,669,12759,19,70.0,1
Samuel Mitchell,West Erik,119889,634,39892,24,65.0,1
Michael Ayala,Houstonborough,98522,850,47054,27,80.0,1
Jeffrey Jordan,Sanfordfurt,132676,304,3472,34,60.0,1
Mark Cox,North Douglas,85333,748,3280,8,85.0,1
Christine Ramos,Josephshire,122708,704,11200,28,85.0,1
Shawn Lindsey,North William,128848,375,16826,34,55.0,0
Adam Stone,Lake Terry,47172,339,5009,38,35.0,0
Susan Tucker,Valerieshire,138124,684,4887,6,80.0,1
Kenneth Hanson,New Anna,83964,832,48787,40,80.0,1
Trevor Fisher,South Andrewside,125647,353,23935,14,55.0,0
Catherine Miller,Brittanytown,138034,473,1684,13,60.0,1
Jessica Jones,East Frank,106556,618,5118,40,75.0,1
Joshua Smith,Pinedafurt,104946,589,45932,39,60.0,1
Nicole Lewis,Ashleychester,47038,689,23106,13,50.0,0
Brittany Cuevas,Garciachester,87422,387,8606,9,50.0,0
Melissa Hernandez,Port Mikeside,136093,451,29166,8,50.0,0
Chelsey Reyes,West Bryanbury,86370,596,21927,15,60.0,1
Nathan Sullivan,Port Desiree,105574,835,31039,34,90.0,1
Sharon Patel,Spencerburgh,72622,677,18349,32,65.0,1
Thomas Garcia,Christinaland,80277,631,15734,28,65.0,1
Ronald Simpson,Brownmouth,121680,456,47973,13,50.0,0
David Taylor,Debbiemouth,144370,468,3802,21,60.0,1
Kathleen Johnson,South Cassandra,41114,634,11009,19,45.0,0
Dr. Michael Evans,Lake Brianmouth,119353,725,32735,29,75.0,1
Thomas Wolfe,South Robert,81645,424,25165,4,35.0,0
Michelle Davidson,Maryberg,114607,639,32454,29,65.0,1
Karina Wilson,Lake Sean,126605,633,28463,12,70.0,1
Amy Mosley,Carolynland,141376,716,24818,5,75.0,1
Erica Thomas,Carterton,127290,396,29256,17,55.0,0
John Roman,Kevinside,119539,634,21194,30,70.0,1
Lisa Wagner,North Loritown,118555,841,15221,12,95.0,1
James Howard,Port Gabrielleberg,36572,794,32989,7,55.0,0
Susan Garcia,Port Maryland,41221,316,41387,26,25.0,0
Paul Ward,East Karen,88991,842,28637,14,85.0,1
Jacqueline Harris,South Susan,93335,551,10537,40,50.0,0
Matthew Miranda,Hallbury,75830,447,41431,16,40.0,0
Elizabeth Ortiz,North Sophia,65382,611,33284,7,45.0,0
Jamie Montoya,South Seanshire,99615,758,6768,31,90.0,1
Mary Green,East Mikeshire,97271,825,40024,32,80.0,1
Connie Scott,Lynnville,61266,439,36031,40,35.0,0
Nicole Thornton,Jenniferview,133202,723,6688,31,85.0,1
Andrew Gomez,West Rebeccaland,125321,733,8372,22,85.0,1
Krista Gibson,Johnnyville,79823,713,34724,0,50.0,0
Albert Buchanan,Port Janice,100798,754,6547,34,95.0,1
Nicholas Vargas,South Jacksontown,87711,381,12524,12,50.0,0
Kristin Wagner,Barberfurt,35683,788,44554,40,60.0,1
Jason King,Powersside,56100,484,2219,40,50.0,0
Bethany Fox,Mendozaside,47601,333,33930,22,25.0,0
Chris Jones,West Jacquelineborough,116662,396,36240,29,50.0,0
Jennifer Thompson,East Jessicafort,142789,741,19002,22,90.0,1
Ann Williams,East Courtneychester,127080,365,26216,24,55.0,0
Jake Smith,Katherinehaven,102845,495,2174,0,45.0,0
Brian Lambert,Rosemouth,59451,697,41062,25,60.0,1
Christopher Dudley,Spenceberg,66559,516,27240,39,35.0,0
Donna Clayton,Warnerland,74657,461,19878,4,30.0,0
John Hunter,Johnsonton,103048,302,44387,16,45.0,0
Nancy Goodwin,Port Julie,69363,530,22001,22,40.0,0
Elizabeth Jackson,Rickeyburgh,46199,321,16906,26,30.0,0
Sean Bradshaw,Ortizberg,66342,354,8547,38,45.0,0
Justin Jones,East Tina,147970,544,36365,7,50.0,0
Jason Jackson,Howardton,49769,605,26555,6,35.0,0
Michelle Black,West Christopherburgh,106484,579,30446,32,50.0,0
Maria Hicks,Stoneburgh,109069,629,47693,23,60.0,1
Gregory Russell,East Daniellemouth,120964,459,46478,12,50.0,0
Anthony Jones,Rachelshire,116474,333,12754,20,55.0,0
David Kelly,Lake Kentburgh,118259,331,27502,28,55.0,0
Mary Gibson,Kimberlyville,100807,453,19484,11,55.0,0
Christine Wilson DDS,Markside,146860,570,48322,8,45.0,0
Kimberly Taylor,New Carla,141792,745,35305,40,90.0,1
Andrew Rhodes,Atkinsland,94451,727,18041,34,75.0,1
Thomas Smith,Jeremyfurt,135582,683,20613,23,80.0,1
Tabitha Turner,West Jason,55485,464,29760,40,35.0,0
Bryce Gutierrez,Williammouth,41836,678,44340,3,40.0,0
Ryan Cameron,North Ashley,130727,812,8906,33,100.0,1
Connie Gonzalez,Hernandezburgh,40641,808,19520,8,60.0,1
Shannon Wallace,Shellyside,105631,599,43837,15,60.0,1
Amanda Brown,Cochranshire,139769,401,35068,5,45.0,0
Nicholas Cunningham,Mooremouth,82262,315,35600,14,40.0,0
Catherine Roberts,Williamsonview,149034,803,13306,20,100.0,1
Rebecca Rodriguez,East Amanda,96237,443,28648,11,45.0,0
Amber Kim,Costachester,62742,804,25819,22,75.0,1
Antonio Harrison,North Michael,135369,531,23607,40,55.0,0
Jennifer Lewis,Barnettmouth,108385,548,7279,24,60.0,1
Heather Hubbard,Kyleside,124493,370,5995,9,55.0,0
Jeremy Hernandez,Lake Kenneth,82772,721,37089,30,65.0,1
Allison Thomas,East Josephburgh,45713,593,45786,16,40.0,0
Nathaniel Cooper,Carlsonland,75745,535,25786,24,45.0,0
William Mitchell,Smallberg,69117,816,31672,17,75.0,1
Cassandra Serrano,Johnsonborough,51632,371,26289,18,35.0,0
Shirley Cox,Annland,149079,670,43816,30,75.0,1
Karen Lewis,South Angela,52946,372,10575,8,40.0,0
Danielle Ryan,West Kevinport,69529,571,14963,0,30.0,0
Wendy Smith,North Thomashaven,112978,705,32535,31,75.0,1
Brittany Cantu,Williamview,139328,725,32621,30,80.0,1
Breanna Jimenez,South Alexanderborough,43356,307,47803,27,25.0,0
Theodore Lopez,Lake Sarah,128366,546,18640,5,50.0,0
Taylor Porter,Danielchester,145357,569,35124,0,40.0,0
Adam Thompson,West Amberchester,96039,785,21984,30,85.0,1
Christopher Turner,New Karen,100776,433,44477,21,45.0,0
Grant Lucas,Toddhaven,82743,755,31015,19,80.0,1
Jesus Johnson,East Joshuaside,77537,480,49920,21,40.0,0
Bradley King,Bentleyberg,118781,848,14353,4,85.0,1
Trevor Peterson,Leeberg,100644,458,6057,18,60.0,1
Paul Hanson,Lake Seanshire,61635,333,44759,18,35.0,0
Toni Cunningham,Codyfort,65720,500,17048,20,40.0,0
Brandon Meyer,East Haley,41957,763,16752,5,60.0,1
Nathan Hernandez,Claytonport,135396,484,12029,32,60.0,1
Eric Carey,Jacksonport,128235,355,46216,33,50.0,0
Michael Wilson,South Christinabury,117153,756,24422,5,85.0,1
Adrian Marsh,Christopherbury,41164,602,23120,36,40.0,0
Justin Wilson,Carrollland,128167,774,6777,7,90.0,1
Brittany Bolton,East Jennifer,139161,589,22805,20,70.0,1
Melissa Johnson,Port Kristenfurt,34278,434,49531,17,25.0,0
Vanessa Miller,Kimberlystad,135788,704,27571,37,80.0,1
Nicholas Miller,East Stacyberg,35482,594,1900,21,55.0,0
Derek Mcintosh,West Ryanberg,55242,706,33911,27,60.0,1
Rose Dean,Pattersonshire,61890,661,25507,40,50.0,0
Keith Arnold,New Danielchester,90901,722,7192,29,80.0,1
Brendan Zuniga,Kelleytown,56685,706,35339,5,55.0,0
Debra House,Arthurton,76025,794,47195,23,75.0,1
Leonard Reyes,Lake Joseph,143636,739,2679,17,85.0,1
Tommy Ramsey,West Elizabeth,48320,670,43610,15,50.0,0
Gabriel Woods,West Marie,142635,684,37053,1,60.0,1
Andrew Smith,Maryhaven,58361,815,11964,9,80.0,1
Kristine Alvarado,New Whitney,121214,304,35472,36,50.0,0
Mary Bass,Crosbyview,120198,333,46238,23,50.0,0
Dennis Cooper PhD,Port Anthonychester,97561,421,26141,28,45.0,0
Shannon Miller,New Abigailville,148410,439,32026,31,55.0,0
Katie Baker,New Tiffanyton,53834,550,46858,35,35.0,0
Lisa Thomas,Griffinborough,113579,752,46709,22,80.0,1
Cameron Cunningham,Port Kathyborough,119733,521,16269,21,55.0,0
Michael Wise,Grahamland,87199,531,1216,24,55.0,0
David Thompson,Samuelborough,88756,827,44891,37,80.0,1
Steve Davis,Mccoyland,96768,619,41176,3,45.0,0
Deanna Bartlett,North Paulfurt,31934,633,19101,33,40.0,0
Tony Le,Wheelerborough,128994,768,8010,8,90.0,1
Brittany Bowman,Lake Peterberg,71114,637,26646,36,55.0,0
James Phillips,South James,57742,338,16601,38,40.0,0
Bruce Harris,Ericport,127472,752,34154,31,85.0,1
Amanda Vasquez,North James,57110,705,8270,17,70.0,1
Cheryl Ortega,Byrdburgh,50379,608,27612,35,50.0,0
James Jackson,New Elaine,63082,633,34847,30,50.0,0
Jill Harris,East Paul,53021,492,44637,15,35.0,0
Christopher Hart,North Tinahaven,44168,605,24826,34,40.0,0
Amy Lang,West Cherylchester,145429,367,7673,3,50.0,0
David Reeves,Port Brooke,82383,720,21932,28,70.0,1
Shannon Gomez,New Jimmyville,108135,379,34222,28,50.0,0
Nicole Brown,New Nathantown,41188,482,31397,6,20.0,0
Valerie Gray,Mariastad,66048,496,47174,4,25.0,0
Adam Palmer,Lake David,107607,687,38195,17,75.0,1
David Wilson,Kylieside,138093,546,3894,30,60.0,1
Madison Singh,Michaelland,144351,305,21202,28,55.0,0
Matthew Watson,West Jill,113066,655,27673,11,70.0,1
Rachel Greer,Port Shelia,78147,405,23294,25,45.0,0
Matthew Flores,North Garyside,104085,846,1480,40,100.0,1
Stephanie Jackson,Whiteside,39961,712,32251,37,50.0,0
Anne Smith PhD,Amyland,33761,810,7167,29,75.0,1
Carlos Lewis,West Ericafurt,61358,831,26872,16,75.0,1
Kimberly Thomas,Claytonside,69893,691,38546,24,60.0,1
Jacob Mckee,North Randy,39287,612,48578,14,40.0,0
Daniel Sanchez,Marshallside,82488,352,21896,40,45.0,0
Shelly Gonzalez,Marissaborough,110931,610,24654,29,70.0,1
Alexandria Ward,Davidshire,124811,730,24947,34,80.0,1
Kelly Bishop MD,Paulmouth,48301,353,42345,21,25.0,0
Jesse Rivers,Pattersontown,54267,481,18290,4,30.0,0
Luis Ward,Kimberlytown,62530,427,21112,36,40.0,0
Karen Shaw,Josephstad,132251,488,26392,31,55.0,0
Laura Higgins,Snyderbury,43396,451,43995,0,10.0,0
Meagan Smith,Travischester,129536,369,3629,12,60.0,1
Nicole Patton,New Rachel,87905,489,44948,22,40.0,0
Caitlin Johnson,Johnport,131931,732,34113,7,70.0,1
Christina Bates,Kennethstad,82976,324,22092,27,45.0,0
Cindy Diaz,North Mark,68566,525,6468,8,45.0,0
Thomas Johnson,Davisberg,53519,609,16902,37,55.0,0
Stephanie Thomas,West Sandra,96307,829,27571,38,85.0,1
Mitchell Fitzgerald,Valdezside,92070,747,16293,14,85.0,1
Timothy Bishop Jr.,Rodriguezside,125491,741,15312,39,90.0,1
Whitney Cooper,Howardborough,93788,468,27436,1,30.0,0
Scott Martinez,Lake Johnathan,74942,381,14800,10,45.0,0
Alyssa Roman,Alexandriaview,91993,378,33515,29,45.0,0
Amy Jones,Port Markhaven,42280,543,19250,31,25.0,0
Justin Smith,Dodsonberg,71145,667,20384,15,55.0,0
Mandy Green,Arnoldchester,66463,309,8331,4,35.0,0
Joshua Cook,Johnview,93654,495,47244,38,40.0,0
Grace Young,South Brandon,113283,539,43279,23,50.0,0
Adam Drake,North Matthewfurt,128536,468,29447,3,45.0,0
Kelly Perry,Mooreside,61925,774,23610,1,60.0,1
Maria Bryant,Josephton,101066,402,12449,2,45.0,0
Kathy Chan,Hayesview,107580,512,34165,2,40.0,0
Amanda Pace,Port Anthony,127154,409,32809,12,50.0,0
Corey Sanchez,Stevenside,92277,746,28657,2,70.0,1
Ronald Underwood,Loganhaven,127735,804,42869,14,90.0,1
Mary Jones,North Dylan,141635,444,6176,15,60.0,1
Mrs. Cheryl Kim,East Jesseshire,38564,310,15884,26,25.0,0
William Harrison,Robinstad,104364,620,28127,2,55.0,0
Traci Martinez,South Maria,102199,423,37075,18,50.0,0
Walter Johnson,West Deannaland,75056,781,7233,26,90.0,1
Steven Williams,West Geoffrey,43970,804,23228,29,65.0,1
Kathy Roberts,Joseland,140853,451,40344,36,50.0,0
Victor Gibson,Andrewsview,99329,479,27681,32,45.0,0
Ashley Wise,Lake Matthewberg,64438,685,11109,10,70.0,1
Michael Cooper,Lisastad,128858,708,25801,39,80.0,1
Laurie Vasquez,Averyview,80205,362,21862,29,45.0,0
David Cohen,Adamburgh,40543,652,7547,30,50.0,0
Kenneth Gonzalez,Kevinport,55313,745,48041,22,70.0,1
Ann Castillo,Evanmouth,116951,324,30808,29,50.0,0
Adam Hill,West Seanshire,119705,463,7372,3,50.0,0
Erin Daniels,Lake Dillon,119399,507,10051,19,60.0,1
Lauren Barr,Romanland,131976,570,11822,27,60.0,1
Jenny Lewis,Lake Larry,34165,682,29711,33,50.0,0
Jennifer Blair,Ronaldview,34207,683,11003,30,55.0,0
Andre Lane,Sanchezmouth,113202,547,12591,29,55.0,0
Kristina May,North Brittany,85723,405,48884,13,40.0,0
Ashley Franco,West Nicholas,115316,337,6868,38,60.0,1
Alan Johnson,West Loriland,47786,525,7330,10,35.0,0
Thomas Haynes,Davismouth,78351,355,47503,19,40.0,0
Jeffrey Petersen,Port Amanda,121983,670,46117,4,65.0,1
Daniel Armstrong,South Pamelaside,45014,596,43068,19,40.0,0
Donald Martin,Stephanieshire,45814,404,10652,29,35.0,0
William Barrett,West Brandon,105849,831,20228,34,95.0,1
Michael Patterson,Deniseport,108301,778,23186,9,85.0,1
Felicia Wood,Joefort,143386,705,39562,13,75.0,1
Paula Gentry,Hunterfort,44168,812,11097,12,70.0,1
Cindy Carr,Gonzalezberg,80019,375,30625,11,45.0,0
Drew Kelley,New Melissa,34117,651,45731,3,30.0,0
Blake Sosa,Austinside,43577,343,32607,23,25.0,0
Billy Cunningham,East Robert,51567,344,14432,29,40.0,0
Travis Kim III,Fordton,56318,361,31064,33,35.0,0
Scott Schmidt,West Luisburgh,47275,307,15538,18,30.0,0
Christopher Morrison,Cookshire,63408,376,30443,3,25.0,0
Eric Smith,West Justin,96244,847,1545,31,95.0,1
Kristin Meyer,South Allisonfort,84524,374,24860,1,30.0,0
Sarah Johnson,Franciscoville,61963,366,14887,38,45.0,0
Jacqueline Williams,Perezfort,145247,690,23971,37,80.0,1
Travis Joyce,Hammondfurt,86155,814,35567,26,80.0,1
Sean Kaiser,West Lindabury,57659,376,22437,10,40.0,0
Linda Salazar,New Timothyberg,142947,577,48404,2,40.0,0
Vanessa Patel,East Donna,85302,469,18370,33,50.0,0
Riley Hale,West Kimberly,74375,534,47406,37,35.0,0
Dr. Tina Porter,Karenstad,104691,432,47049,6,40.0,0
Brooke Keith,East Zachary,102264,827,4235,36,100.0,1
Jesse Moyer,Lake Austinport,145750,316,34922,8,50.0,0
Aaron Kelly,Hoffmanview,115175,627,32765,20,65.0,1
Maria Diaz DVM,Christophermouth,97033,596,43453,12,55.0,0
Christopher Nash,Port Barry,87898,690,24892,3,60.0,1
Jon Maldonado Jr.,Shawfurt,132581,434,8191,6,55.0,0
Brooke Parsons,South Catherineport,109482,332,26781,21,55.0,0
Anne Williams,Kennedyfort,116991,474,2307,37,60.0,1
David Washington,North Brucetown,115426,342,7346,13,60.0,1
Vicki Hernandez,Nicholastown,134662,498,46916,23,50.0,0
Paul Stokes,New Cristianside,62493,491,24972,20,40.0,0
Max Collier,South Sean,45906,697,32223,17,50.0,0
Ann Moon,New Heatherton,75293,556,6194,33,55.0,0
Angela Griffin,Christianshire,129943,414,5047,35,60.0,1
Katelyn Lee,North Beth,56062,362,21552,3,30.0,0
Jerry Rogers,Jonesview,145898,337,46574,18,50.0,0
Justin Anderson,Adammouth,35209,458,3617,9,30.0,0
Brian Thompson,North Nathanhaven,111830,557,35957,33,50.0,0
Phyllis Schmidt,New Sandraborough,54586,374,45823,27,35.0,0
Amber Cooper,New Virginialand,99514,783,3079,18,90.0,1
Jacob Fitzpatrick,West Jasonbury,143940,405,24178,35,55.0,0
Mary Jackson,Michaelchester,118184,506,33568,40,50.0,0
Charles Simmons,Stoutfurt,53086,402,48468,33,35.0,0
Dr. Heather Scott,South Allenfurt,56680,730,27234,6,55.0,0
Maria Jenkins,North David,57938,464,9829,40,45.0,0
Elaine Trevino,West Elizabethberg,114717,564,25876,9,50.0,0
Brittney Tanner,West Victoriamouth,115814,792,38930,8,80.0,1
Elizabeth Mullins,Port Gail,46334,643,49218,3,30.0,0
Gina Chapman,Lauramouth,42015,594,12650,32,45.0,0
Luis Hill,Alexisville,100282,478,39782,9,45.0,0
Tracey Nelson,Walkerberg,100701,317,16363,31,55.0,0
Lauren Williams,North Stephanie,109471,565,17871,1,40.0,0
Chris Levy,West Tommy,108222,366,20315,0,40.0,0
Mary Barnett,Kathrynview,70730,364,24948,27,40.0,0
Julie Hernandez,Barnestown,83736,442,21756,24,45.0,0
Mary Hampton,South Richardchester,104177,457,28146,30,50.0,0
Hannah May,Gallegosburgh,46299,337,39353,24,25.0,0
Jennifer Myers,New Kayla,58477,491,2718,39,50.0,0
Bob Solis,Edgarberg,135043,607,17295,33,70.0,1
Jasmin Pitts,South Matthew,61566,801,23440,34,80.0,1
Jeffrey Potts,Port Shannon,82350,657,2747,26,70.0,1
Michael Gonzalez,New Stacy,115215,761,38164,13,85.0,1
Michael Perez DDS,Cervantesborough,105243,388,39149,1,35.0,0
Jessica Bryant,North Kimberlyville,50861,342,34246,6,30.0,0
Monique Jackson,Emilychester,129035,465,28947,13,55.0,0
Elizabeth James,New Karenbury,130348,310,30714,24,55.0,0
Jennifer Moore,East Amandafort,91261,370,26493,13,45.0,0
Erin Anderson,Lake Ellenhaven,103579,670,2194,23,85.0,1
Cynthia Hughes,Port Ashleyshire,49340,628,8174,29,50.0,0
Brian Sims,Colemanside,114889,446,41709,13,50.0,0
Logan Sullivan,North Fernandobury,57607,621,21766,18,55.0,0
Michelle Gomez,Lake Deborah,65509,510,46545,4,25.0,0
Kimberly Phillips,North Sydney,102350,594,28498,28,65.0,1
Sarah Smith,North Kimberly,130593,576,12729,7,55.0,0
Joseph Knight,East Gregory,114939,691,41613,15,75.0,1
Danielle Moore,Anthonybury,54983,524,17079,14,40.0,0
Christina Davis,Phelpsberg,48958,648,35919,22,40.0,0
Randy Griffin,North Rachel,136269,507,1231,39,60.0,1
Bryce Fox,Danielport,33280,531,16161,25,25.0,0
Kirk Moreno,Stoneville,45670,351,43358,15,25.0,0
Stephanie Simmons,Merrittfort,42676,760,17986,15,60.0,1
Sydney Collins,Andersonland,127647,617,37629,24,65.0,1
Mary Nelson,South Maria,58534,407,34527,39,35.0,0
Adrian Gibbs,Leroystad,72219,801,30038,21,75.0,1
Emily Thompson,Amyview,124329,795,13600,15,90.0,1
Craig Williams,Garciaton,72437,773,47702,14,70.0,1
Richard Martinez,Haleymouth,106225,518,31498,36,50.0,0
Theresa King,East Maryview,133544,772,29454,0,75.0,1
Patty Perez,Port Leslieview,126530,367,14826,36,55.0,0
Charlotte Gomez,South Travisland,108697,841,34706,9,85.0,1
Tina Hernandez,Mitchellton,92422,796,32450,36,80.0,1
Sharon Fuentes,Stevenside,65179,731,16892,13,65.0,1
Clinton Jensen,Jamesburgh,64814,355,36969,29,35.0,0
Daisy Harvey,Lisaview,99822,706,6178,23,80.0,1
Misty Burnett,South Williamland,106955,645,42729,19,65.0,1
Karen Sosa,Adamsfurt,147677,337,14579,14,60.0,1
Edward Barton,Hoshire,39869,418,46515,8,20.0,0
Jason Hardy,Lopezberg,92518,345,4964,8,50.0,0
Alexa Beard,West Samantha,52280,791,14995,12,75.0,1
Anthony Smith,Rebeccafurt,31947,808,37990,40,65.0,1
Jared George,Murphyton,33101,392,15261,8,20.0,0
Sylvia Brown,New Meghan,44322,697,24252,11,50.0,0
Daniel Estrada,Port Allison,41813,652,9926,25,50.0,0
Angelica Montgomery,Lake Charles,99163,574,11107,24,50.0,0
Katherine Webster,Onealmouth,140795,832,24195,38,95.0,1
Christopher Coleman,Bergland,41970,453,1455,21,40.0,0
Kimberly Morris,Mullinsburgh,93242,811,6824,21,95.0,1
Brandon Gregory,Johnathanberg,62325,641,6341,37,60.0,1
Carolyn Greer,Port Brandi,47361,486,41842,32,25.0,0
Jacqueline Thompson,South Henry,73404,840,3168,21,90.0,1
Raymond Wolf,Barnesborough,89441,601,37304,9,50.0,0
Hannah James PhD,Port Sarahshire,52871,653,9401,37,60.0,1
Carrie Petersen,New Dawnton,101511,690,6143,3,75.0,1
Becky Garcia,Shannontown,137984,348,34252,23,55.0,0
Amanda Hunt,Marcusborough,143619,512,36501,25,50.0,0
Adrian Padilla,New Justinside,115717,656,23772,17,70.0,1
Melissa Kim,Delacruzbury,84379,548,8535,32,50.0,0
William Smith,Hansonborough,46591,417,5400,0,20.0,0
Ronald Jones,New Brookefurt,90142,773,39032,35,75.0,1
Dr. Jared Lee III,New Jack,68680,422,44976,15,35.0,0
Stephanie Peterson,North Samantha,37972,628,37457,32,40.0,0
James Kelley,Milesborough,68890,309,20733,26,40.0,0
Haley Thomas,Lake Raymond,75870,615,1420,10,70.0,1
Amanda Taylor,Dorothyhaven,48964,748,17297,12,65.0,1
Andrew Cruz,West Heather,45157,409,42328,22,25.0,0
Erica Moreno,Lake Kevinborough,71224,458,22218,10,40.0,0
Crystal Baker,North Elizabeth,90068,830,24674,24,85.0,1
Ricardo Holland,South Timothyton,41959,599,27109,2,30.0,0
Sheena Guerra,West Fred,142824,630,47486,14,65.0,1
Eric Knox,East Leslie,120461,371,11921,11,60.0,1
Zachary Miller,East Arianashire,98494,728,36321,7,65.0,1
Andrew Hughes,North Larryton,144316,389,22842,29,55.0,0
Craig Morrison,East Stephaniefort,145957,775,37944,37,85.0,1
Lori Rubio,New Matthewland,59444,843,32147,27,75.0,1
David Blackburn,Port Rachel,64737,787,19384,35,75.0,1
Christopher Taylor,Carterberg,51992,514,15295,12,40.0,0
Monica Gallagher,Brandonton,114012,499,24758,35,55.0,0
Brian Wright,North Tonyaberg,89878,300,19822,29,50.0,0
Kristin Brown,Jamesborough,69139,506,5482,21,50.0,0
Grant Mueller,Baileyville,147914,748,48316,28,85.0,1
Martha Wright,South Joseland,30942,749,8693,15,65.0,1
James Miller,Lake Courtneymouth,88115,806,41005,34,80.0,1
Nicholas Anderson,New Williamville,50289,675,47603,2,50.0,0
Derek Martinez,Foxland,130704,787,30378,23,90.0,1
Mr. Donald Cruz PhD,North Joshuafurt,49887,807,2235,24,80.0,1
Elizabeth Cabrera,Markville,50730,726,39253,19,60.0,1
Eric Marsh,Micheleburgh,137551,493,42712,39,50.0,0
Jody Bird,West Kevin,93517,443,47815,24,40.0,0
Connie Thomas,Angelashire,40322,727,20345,9,45.0,0
Joshua Trujillo,West Maria,91894,403,48313,5,35.0,0
Bianca Bowen,Lewisport,89609,557,6384,29,55.0,0
Barry Wilson,Chapmanmouth,85176,427,17535,2,40.0,0
Charles Wong,Port Miguelchester,84460,687,44222,33,65.0,1
Duane Clarke,Garrettberg,62853,645,1572,36,65.0,1
Monica Smith,Chaseberg,66241,665,33625,1,35.0,0
Kevin Gilbert,Port Cheyenneberg,149356,366,31299,38,55.0,0
Kelly Warren,Hallmouth,45396,605,9183,34,50.0,0
Dr. Sara Hoffman DDS,Kennethville,79672,793,5183,21,90.0,1
Ronald Brown,Benjaminton,64362,598,16651,13,55.0,0
Ana Johnson,North Joseph,120957,403,17142,35,55.0,0
Carlos Irwin,South Tylerchester,99621,321,47426,33,40.0,0
Laura Todd,New Melissa,113748,715,29029,32,75.0,1
Dr. Linda Underwood,Mullinschester,33617,692,16594,28,50.0,0
Brandon Hall,New Jamesside,44592,729,15446,28,55.0,0
James Baker,South Miguelview,90589,690,42847,23,65.0,1
Jesus Jackson,Lake Amanda,68752,486,12492,9,40.0,0
Sandra White,South Anna,59038,606,40038,25,50.0,0
Mary Martin,Port Christopherfurt,128176,707,47272,37,75.0,1
Wanda Clark,East Micheleview,68696,794,5331,14,85.0,1
Andrew Jones,Meaganville,56111,722,26072,24,60.0,1
William Conrad,Martinezburgh,143567,790,16126,35,90.0,1
David Blair,Markmouth,109806,832,34875,36,90.0,1
Renee Thomas,Lake Codyfurt,112578,589,41305,6,60.0,1
Renee Shields,Annettefort,132436,364,2160,28,60.0,1
Ryan Brown,West Connorside,51747,584,13725,39,55.0,0
Sandra Ross,East Rebeccafort,125236,825,12161,11,100.0,1
Gregory Allen,North Felicia,116163,628,25993,7,65.0,1
Shawn Johnston,Lake David,43069,377,13333,11,30.0,0
Johnny Lewis,South Lori,70189,492,32958,6,30.0,0
Douglas Pacheco,Lake Tyler,99579,841,1220,9,90.0,1
Larry Smith,Port Nicholasmouth,120357,661,37234,4,55.0,0
Debbie King,Carrville,106858,484,30283,38,50.0,0
Pamela Palmer,New Williamton,120480,703,9844,10,85.0,1
Dennis Cook,East Barbarashire,133364,380,16172,3,45.0,0
Barbara Burns,Karamouth,36764,725,13516,13,55.0,0
Kerry Buckley,Lake Donaldtown,54914,782,41525,2,60.0,1
Courtney Lee,Lake Patriciashire,37936,376,8418,30,35.0,0
Kelly Cox,East Mary,107832,705,48043,14,70.0,1
Terri Golden,New Nicolestad,149964,699,27072,38,80.0,1
Ashley Burnett,Robinsonberg,125991,473,49356,32,50.0,0
Jeanette Walters,West Hollybury,91953,359,17022,5,45.0,0
Melissa Bell,Johnathanton,35014,324,41592,5,20.0,0
James Garner,Deborahmouth,122459,771,38574,33,85.0,1
Steven Freeman,New Mark,102340,562,45623,25,45.0,0
Kevin Miller,West Thomas,110676,837,22981,4,85.0,1
Reginald Gutierrez,Port Edward,116200,606,38623,12,65.0,1
Aaron Miller,East Williammouth,59466,735,44571,30,60.0,1
Earl Rodriguez,Joyborough,117747,418,38541,23,50.0,0
Justin Irwin,Port Juliantown,73025,540,29292,37,35.0,0
Janice Perez,Jacobsshire,66585,810,48901,15,75.0,1
Monica Wells,West Jennifer,65683,645,32624,25,50.0,0
Rhonda Liu,West Jessicamouth,101987,346,10223,15,55.0,0
Louis Moran,Vasquezshire,33783,500,9246,14,30.0,0
Christopher Barnes,Christinashire,61439,540,42793,22,35.0,0
Crystal Wolf,Petersonchester,123343,654,46641,37,65.0,1
Jessica Green,West Toddbury,83545,647,42698,2,45.0,0
Charles Rodriguez,Evanschester,71704,352,14068,13,45.0,0
Scott Peterson,East Kimberly,41542,537,14973,19,30.0,0
John Nelson,North Tyler,115823,462,20891,35,55.0,0
Melissa Patrick,Stephanieport,127671,600,43827,25,65.0,1
Daniel Wood,Jenniferport,72081,462,38200,40,35.0,0
Jeffrey Mercer,Mendozahaven,90036,755,40448,36,75.0,1
Anthony Adams,Colemanport,127218,638,42080,37,65.0,1
Jerry Cook,Reedmouth,104963,591,25115,3,60.0,1
Joseph Jensen,Willisfort,108269,447,33740,14,50.0,0
James Thompson,Davisborough,62662,466,26460,25,35.0,0
Joseph Gomez,Bishopview,53405,643,18716,17,55.0,0
Laura Robinson,Sarahhaven,141449,336,31346,39,55.0,0
Hector Bryant,Lake Brittanyfort,46011,361,40653,8,20.0,0
Christina Gilbert,East Charles,49410,740,22195,36,60.0,1
Katherine Forbes,Hoodview,117062,314,48842,27,45.0,0
Stacy Patterson,New Jillfurt,144650,620,26831,39,70.0,1
Molly Roman,Townsendton,123302,581,6437,9,70.0,1
Justin Day,Douglasland,142670,397,37758,10,50.0,0
David Hull,Martinezview,149806,760,14702,5,90.0,1
David Ingram,North Rachel,43446,478,48720,24,25.0,0
Rick Rivera,North Joseph,42097,701,5678,34,60.0,1
Xavier Smith,Rosarioville,107656,361,23894,23,55.0,0
Justin Hurley,Shortton,122493,572,35669,2,40.0,0
Robert Rivera,East Trevorshire,63092,336,23665,4,30.0,0
Denise Olsen,Smithport,111381,352,33547,37,50.0,0
Erica Davis,Garciaborough,60784,644,33553,32,50.0,0
Rhonda Rodriguez,East Mary,133126,429,14119,38,55.0,0
Randy Kirby,Rebeccahaven,95323,636,28501,16,60.0,1
Bobby Johnson,Ariasfurt,122214,833,19774,38,95.0,1
Monica Richardson,Port Toni,118125,639,48546,8,55.0,0
Aaron Barber,Grimesmouth,51319,795,23618,21,70.0,1
Beth Cooper,Port Gabrielleton,35383,650,29158,38,40.0,0
Matthew Alvarado,Michelletown,134349,599,43559,24,65.0,1
Karen Velez,South Andre,67056,808,48681,25,75.0,1
Mike Freeman,New Emilyside,112960,781,32189,35,85.0,1
Stephanie Cabrera,Chambersstad,91069,685,40407,22,65.0,1
Sara Ward,Port Jose,109887,361,29303,2,40.0,0
Denise Barrett,Julietown,77953,364,38169,6,35.0,0
Christian Villarreal,Sandrastad,72176,773,14149,3,70.0,1
Mary Pugh,Johnsland,127978,421,10465,8,55.0,0
Daniel Little,North Allen,148413,602,8934,13,75.0,1
Teresa Ramirez,West Morgan,113307,352,43101,15,50.0,0
Nancy Brown,New Jared,144799,632,44399,30,65.0,1
Jennifer Pitts,East Victoria,85444,650,27816,36,60.0,1
Scott Solis,Marcuston,103060,372,36858,38,50.0,0
Michael Owens,Zacharyton,148598,529,4077,17,60.0,1
Danielle Steele,Larryville,116752,692,33986,37,75.0,1
Jacob Parker,Port Joditon,112544,545,17579,35,55.0,0
Taylor Grant,Butlermouth,138028,818,28231,28,95.0,1
Adriana Wall,West Jamesshire,57235,736,48978,28,60.0,1
David Henry,Kevinville,114874,313,45758,35,50.0,0
Renee Edwards,Tinaville,45220,557,13585,17,30.0,0
Carol Lane,Brianview,45118,418,4442,10,40.0,0
Justin Hammond,North Jaredchester,133341,535,7578,28,60.0,1
Regina Andrews,North Larry,59154,646,36427,28,50.0,0
Christina Robinson,Schneiderbury,113695,340,27650,2,45.0,0
Adrienne Morrison,Sarahfort,35276,645,40608,27,40.0,0
Jacqueline Lucero,Dylanfort,122260,717,24614,27,80.0,1
Matthew Watkins,Wilsonview,90946,344,5341,19,55.0,0
John Mack,South Amandafort,111678,400,30651,31,50.0,0
Leslie Kane,Garciamouth,57460,315,48346,9,30.0,0
Joanna Morton,Tammyburgh,103259,516,13129,5,50.0,0
Nathan Lopez,South Josephberg,100329,367,10273,25,55.0,0
Brianna Hodges,Palmerland,40350,468,17191,40,25.0,0
Brandon Rodriguez,Hernandezland,126434,823,5918,6,95.0,1
Kenneth Krause,Port Cory,44029,576,16453,35,30.0,0
Krystal Elliott,Williamsmouth,90910,395,21224,0,35.0,0
Frank Anderson,Gomezfort,87091,734,32541,26,70.0,1
Barbara Lewis,Marcustown,90515,711,43860,20,65.0,1
Lindsay Carney,Jessicaborough,147002,728,12820,26,85.0,1
Andrew Reeves,Stoneberg,68469,827,10160,20,85.0,1
Eric Nguyen,North Ericton,149686,383,18832,28,55.0,0
Courtney Koch,Mcdanielville,135932,803,12112,7,95.0,1
Andrew Ruiz,Port Samantha,135620,658,21000,14,70.0,1
Abigail Stephenson,North Jake,134363,341,9760,25,60.0,1
Randy Cannon,Brooksfurt,30074,759,25739,24,60.0,1
Katherine Adams,Sellersland,107356,626,34344,7,60.0,1
Anthony Wong,West Crystalland,100457,629,4560,29,75.0,1
Thomas Bush,Michealmouth,58016,817,27014,40,75.0,1
Charles Edwards MD,Port Michaeltown,107110,796,9947,12,95.0,1
Bryan Jimenez,North Richardton,50635,300,6956,38,45.0,0
Leah Rodriguez,Williamsstad,105965,715,36518,6,70.0,1
Sean Silva,South Pamelahaven,67388,422,45610,24,35.0,0
Erica Merritt,Port Ronaldside,126542,366,20191,30,55.0,0
Donna Simmons,Jillhaven,149333,307,43915,16,50.0,0
Annette Green,Carlaburgh,55443,746,45493,20,70.0,1
Erica Johnson,Brownstad,63862,740,32025,13,70.0,1
Tiffany Daniel,Rachelside,35720,718,25563,19,50.0,0
Wendy Edwards,Lake Alanland,64795,312,27951,6,30.0,0
Jimmy Carey,Jenniferhaven,93464,795,8389,17,90.0,1
Adam Jordan,Lake Oliviaborough,129680,767,1032,16,95.0,1
Jay Allen,Justinside,148664,575,28060,12,55.0,0
Nathaniel Ford,Robinsonfurt,57152,596,17196,1,40.0,0
Michelle Strickland,West Daniel,46361,326,21444,36,25.0,0
Carmen Gonzalez,Brandiview,82184,338,6636,23,55.0,0
Mark Lynch,West Kathryn,41395,843,1037,38,80.0,1
Andrea Franco,Bennettfort,143830,484,38751,32,50.0,0
Nathan Wallace,West Danielton,138885,332,40595,11,50.0,0
Shannon Olson,Carlosbury,137099,535,21691,26,55.0,0
Melanie Allen,Wheelerburgh,143331,785,39461,35,85.0,1
Todd Jacobson,West Jamesside,31504,581,9203,40,45.0,0
Emily Collier,Shafferbury,89692,733,15287,9,70.0,1
Paul Brennan,Nancytown,111959,605,38221,38,65.0,1
Thomas Sanchez,Rhodesmouth,97889,326,19630,7,45.0,0
Teresa Williams,Allenland,74092,456,38152,40,35.0,0
Jeffrey Oliver,West Debratown,105456,764,34896,21,85.0,1
Rodney Watson,New Brendaland,114696,322,5225,12,60.0,1
Jessica Burch,New Heatherville,72992,431,28952,1,25.0,0
Michael Cox,Madelinetown,86346,440,34958,18,40.0,0
Daniel Ortiz,Montgomerytown,81717,838,13108,8,85.0,1
Kim Carlson,West Tiffany,122778,599,19961,36,70.0,1
Kevin Buckley,Aaronstad,135708,665,30645,35,70.0,1
Clarence Cain,South Dianamouth,45866,465,10166,22,35.0,0
Tammy Cortez,East Alice,107304,785,1643,20,95.0,1
Deborah Quinn,New Stacy,64663,810,17319,33,80.0,1
Christian Carter,East Jackborough,143980,643,44123,28,65.0,1
Brittany Knight,Susanburgh,118039,304,21526,15,55.0,0
Diana Lin,New Frank,38799,635,48259,17,40.0,0
Melinda Dorsey,Andersonport,85933,699,28319,23,70.0,1
Antonio George Jr.,South Ronaldshire,33379,322,28023,14,25.0,0
Travis Cook,Brockmouth,125673,750,22937,27,90.0,1
Leslie Ramirez,Jonesview,105470,566,26020,10,55.0,0
Emily Long,Brittneyhaven,86985,821,35887,31,80.0,1
Jonathan Young,West Jeffreymouth,77447,401,47838,21,40.0,0
Kyle Cooper,Jaredchester,36028,789,42629,39,60.0,1
Carolyn Webster,Lake Coreyborough,58010,816,47383,30,75.0,1
Martin Wise,New Virginiaville,54890,320,4161,7,45.0,0
Erin Thornton,Kempshire,85108,450,38043,28,40.0,0
Angelica Smith,West Melissamouth,149725,665,14304,9,70.0,1
Amanda Solis,Danielleshire,57801,537,5767,15,50.0,0
Pamela Gordon,North Elizabethmouth,146294,326,4140,4,50.0,0
Michael Gibson,Port Nathanielville,127771,329,15681,3,45.0,0
Judith House,North Johnhaven,35229,612,22860,31,40.0,0
Kenneth Webb,Jacobshire,123032,715,30629,13,80.0,1
Jessica Roberts,Millerchester,75508,553,41475,9,35.0,0
Joseph Graves,East Matthew,78571,790,5020,32,90.0,1
Debra Lam MD,Donnashire,134767,335,26233,40,55.0,0
Wayne Hess,Michaelhaven,32068,582,33245,19,40.0,0
Christopher Hill,Solisside,79131,349,17593,37,50.0,0
Cheryl Newman,Port Sarahchester,129374,431,42698,24,50.0,0
Jeremy Barnes,Vaughnchester,124646,813,41073,30,90.0,1
Kathy King,North Cynthiaview,107236,345,1232,21,60.0,1
Shawn Duffy,North Stacy,49342,534,6831,29,35.0,0
Dr. Steve James,Stevenberg,109276,471,42981,21,50.0,0
Maria Spencer,South Joseph,143249,354,31162,39,55.0,0
Michael Williams,Andersonbury,73573,372,42785,7,30.0,0
Carla Young,East Theresaside,130789,811,2971,25,100.0,1
Joseph Schwartz,Prestonfurt,77419,600,1416,39,70.0,1
Christina Dunn,Samuelfort,89429,424,2891,40,55.0,0
Patrick Norris,East Hannah,67777,767,12628,2,70.0,1
Jodi Young,West Ronald,58906,686,38445,10,60.0,1
James Bray,West Toddside,142814,390,13217,12,60.0,1
Joseph Peterson,Connieville,34809,486,32954,0,10.0,0
Michael Jackson,Williamsonview,115990,452,6836,23,60.0,1
Sarah Davis,North Joseph,61385,340,5769,12,50.0,0
Jeffrey Chavez,Teresaburgh,101482,819,7973,40,100.0,1
Tiffany Sanders,Courtneyhaven,104847,725,28759,25,75.0,1
George Chambers,Roblesberg,136266,793,11183,40,95.0,1
Andrew Erickson,West Jessica,64760,527,45978,34,35.0,0
Julia Wiley,West Mary,104607,495,49982,8,40.0,0
Kenneth Lopez,New Theresaland,41915,838,36656,32,65.0,1
Jaclyn Crane,Rodriguezstad,40155,596,3639,33,55.0,0
Carlos Walls,Sanchezfort,58657,716,13478,6,65.0,1
Dawn Silva,Mejiabury,106099,499,35075,21,50.0,0
Diana Huffman,South Janice,89600,822,23104,17,85.0,1
Mrs. Lisa Garza,West Melissa,49936,496,34647,17,25.0,0
Patrick Mcpherson,Jamieland,124972,498,25758,40,55.0,0
Lynn Ross MD,East Brittany,144154,488,15220,6,50.0,0
Rachael Sullivan,West Christopher,66347,850,22921,24,80.0,1
Tom Watkins,East Richardfort,89510,835,48384,36,80.0,1
Isabella Stephens,Wellsview,84008,746,37522,27,75.0,1
Jessica Hernandez,Brendahaven,46614,546,10058,30,35.0,0
Kelsey Scott,West Jamesview,147831,354,31471,0,40.0,0
Jennifer Baker MD,Jonesville,101874,468,4504,13,60.0,1
Shelly Sullivan,Courtneytown,141151,372,26223,21,55.0,0
Anthony White,West Tonya,38993,718,29883,40,50.0,0
Lisa Kirby,Port Michelleland,124466,346,43038,36,50.0,0
Jermaine Vance,Kurtshire,106983,350,48578,10,45.0,0
Samuel Stewart,Maryfort,58569,766,10661,38,80.0,1
Bruce Chaney,South Jorge,102667,488,14445,35,55.0,0
David Rodgers,Stewarthaven,122435,336,45314,6,45.0,0
Andrew Bolton,Lake Charlesfurt,72823,436,15295,17,45.0,0
Lisa Foster,Normanstad,124058,833,30510,26,95.0,1
Samuel Roberts,New Reginald,93904,374,15617,24,50.0,0
Alan Mills,Serranoville,145456,481,32186,39,55.0,0
Michele Hayes,Davisberg,76984,328,34180,28,40.0,0
Carol Sanchez,Aliside,122591,762,3738,0,80.0,1
Matthew Henderson,Adamsfort,128453,322,21743,24,55.0,0
Alan Bowen,Andrechester,129693,483,8013,6,55.0,0
Jeffrey Henderson,Shieldston,60495,400,4972,25,50.0,0
Jennifer Hubbard,Angelafort,52962,540,25594,34,35.0,0
Kristen Stephens,Valdezberg,71441,674,26722,14,65.0,1
Jennifer Brown,Dannyland,144389,752,25531,38,90.0,1
Ashley Wright,Gabrielton,115180,709,22731,27,80.0,1
April Jones,Warrenport,59389,741,12182,11,80.0,1
Karen Richard,South Brian,103147,381,19117,39,55.0,0
Margaret Hensley MD,Jacobhaven,30282,546,4720,38,35.0,0
Lindsey Savage,South Amandatown,108047,704,8646,0,70.0,1
Vincent Hill,West Stephenview,139408,464,14721,35,55.0,0
Peggy Shields,Lake Alexandermouth,143993,372,11239,37,60.0,1
Devin Johnson,North Paula,134935,587,4839,30,75.0,1
Robert Newman,West Michellefort,124155,782,49296,26,85.0,1
Richard Reid,East Jeffreymouth,65325,526,5176,39,50.0,0
Heather Hughes,New Sierra,119241,318,41654,5,45.0,0
Kenneth Lewis,Walkerville,82581,658,37455,23,55.0,0
Rebecca Reynolds,Lewisborough,47927,795,39427,4,50.0,0
Kim Stewart,Leeland,130898,325,49329,14,50.0,0
Stephanie Hoffman,Campbellborough,78368,839,15251,6,85.0,1
James Olsen,East Williamshire,129613,828,8975,10,100.0,1
Jessica Ramirez,Waltersfort,143571,393,31802,22,55.0,0
Phillip Drake,South Christina,79441,748,49388,9,70.0,1
Paul Carpenter,Lake Lori,83883,376,39790,36,40.0,0
Donald Hobbs,Coryport,127004,469,8769,18,60.0,1
Courtney Sullivan,Tommyfort,43104,306,33888,8,20.0,0
Ashley Delacruz,North Michael,140474,543,39591,20,50.0,0
Elizabeth Sanchez,East Rebeccaview,141848,798,27164,29,90.0,1
John Blair,Andrewburgh,87080,481,26834,38,45.0,0
Kimberly Sandoval,Port Tracyborough,93156,721,22675,6,70.0,1
Steven Shaw,Lake Victormouth,31330,723,27895,22,50.0,0
Brenda Holder,Perezland,102140,495,48455,23,45.0,0
Jeremy Hill,Lake William,107993,477,42635,0,35.0,0
Tina Flores,Cynthiamouth,83424,579,17117,20,50.0,0
Eric Thompson,Kochfort,133247,392,13095,16,60.0,1
James Ray,Andrewshire,99588,304,31262,18,45.0,0
